exp_id,T_sustrato,P_N2,bias_voltaje,fraccion_Ti,potencia_kW,dureza_HV,CoF
1,300.0,0.3,-200,0.55,4.2,2554,0.385
2,300.0,0.3,-50,0.55,4.2,2311,0.385
3,300.0,1.5,-200,0.55,4.2,1798,0.481
4,300.0,1.5,-50,0.55,4.2,1555,0.481
5,550.0,0.3,-200,0.55,4.2,2419,0.422
6,550.0,0.3,-50,0.55,4.2,2401,0.422
7,550.0,1.5,-200,0.55,4.2,1663,0.518
8,550.0,1.5,-50,0.55,4.2,1645,0.518
9,425.0,0.9,-125,0.55,4.0,3053,0.405
10,425.0,0.9,-125,0.55,4.0,3031,0.401
11,425.0,0.9,-125,0.55,4.0,3072,0.409
12,300.0,0.9,-125,0.55,4.0,2877,0.433
13,550.0,0.9,-125,0.55,4.0,2855,0.47
14,420.0,0.55,-130,0.3,4.2,3080,0.376
15,420.0,0.55,-130,0.4,4.2,3140,0.376
16,420.0,0.55,-130,0.5,4.2,3170,0.376
17,420.0,0.55,-130,0.65,4.2,3159,0.376
18,420.0,0.55,-130,0.75,4.2,3114,0.376
19,420.0,0.55,-130,0.8,4.2,3080,0.376
20,420.0,0.55,-130,0.55,2.0,2206,0.377
21,420.0,0.55,-130,0.55,3.0,2886,0.376
22,420.0,0.55,-130,0.55,5.0,3046,0.376
23,420.0,0.55,-130,0.55,6.0,2526,0.377
24,410.0,0.5,-135,0.54,4.1,3166,0.371
25,430.0,0.6,-125,0.57,4.3,3166,0.382
26,415.0,0.52,-140,0.53,4.0,3156,0.373
27,440.0,0.55,-120,0.56,4.5,3143,0.38
28,400.0,0.48,-145,0.52,4.2,3145,0.369
29,333.9,1.365,-60,0.523,3.55,1926,0.453
30,364.4,1.089,-126,0.782,5.2,2591,0.422
31,413.8,1.261,-194,0.685,2.01,1371,0.433
32,373.2,1.033,-63,0.45,2.99,2210,0.416
33,466.6,1.485,-130,0.362,5.66,1879,0.464
34,536.5,0.633,-122,0.377,2.06,2043,0.438
35,381.1,1.489,-123,0.738,2.27,1558,0.452
