formula,grupo,bandgap_eV,seebeck_uV_K,sigma_S_m,kappa_W_mK,ZT_estimated,costo_relativo,MagpieData_mean_AtomicWeight,MagpieData_mean_MeltingT,MagpieData_mean_Electronegativity,MagpieData_mean_NValence,MagpieData_mean_CovalentRadius,MagpieData_mean_CohesiveEnergy
ZnO,Oxide,0.879,248.7,309,1.44,0.007,0.72,95.77,1140.1,2.071,5.42,190.5,3.567
MnSi1.73,Silicide,0.625,284.1,16937,5.21,0.163,0.72,154.27,1052.6,1.695,6.87,123.8,3.105
PbS,Pb-chalcogenide,0.41,164.6,75997,2.33,0.399,1.45,117.73,1050.3,1.774,4.59,116.7,2.649
Bi2Te2Se,Bi-chalcogenide,0.172,237.4,84722,0.85,3.0,2.62,106.48,916.0,1.876,3.91,135.6,3.344
PbTe0.7Se0.3,Pb-chalcogenide,0.378,128.1,77957,1.8,0.469,1.7,68.58,1310.0,1.502,5.33,141.9,3.445
Bi2Te3,Bi-chalcogenide,0.055,182.2,105093,0.85,2.357,2.2,96.04,311.5,1.523,2.8,108.2,4.826
MnSi1.73,Silicide,0.621,220.1,35824,2.78,0.357,1.05,186.03,940.6,1.68,3.34,163.3,3.265
Fe3Si,Silicide,0.394,136.0,8446,2.92,0.034,1.04,73.28,1286.8,1.59,3.98,200.0,3.202
Ba8Ga16Ge30,Clathrate,0.043,171.7,21026,1.14,0.313,2.11,37.09,333.9,1.666,4.78,183.2,2.62
Sr8Ga16Ge30,Clathrate,0.089,156.9,44863,1.26,0.508,2.12,123.54,1181.6,1.45,7.66,130.4,2.588
Bi2Te3,Bi-chalcogenide,0.203,176.2,70271,1.4,1.042,2.68,94.32,1316.9,1.54,5.13,140.8,2.082
GaSb,Antimonide,0.107,52.1,60364,5.41,0.02,1.33,118.59,1591.1,1.604,4.95,112.3,2.359
In4Sn3O12,Oxide,1.264,294.6,1146,11.73,0.005,0.41,103.06,2383.2,1.621,4.26,181.2,4.815
La3Te4,Other,0.56,20.0,35915,6.33,0.001,1.12,108.42,1435.5,1.686,4.17,125.8,0.98
Mo3Si,Silicide,0.613,237.4,36276,4.07,0.309,0.77,104.92,1156.3,1.659,6.22,173.7,3.111
ZnO,Oxide,2.341,246.7,628,7.15,0.003,0.57,179.08,1560.9,1.99,1.44,203.8,3.042
Ba8Ga16Ge30,Clathrate,0.057,214.4,58852,1.55,0.986,3.04,17.33,622.0,1.789,4.47,112.0,4.296
CoGe1.5S1.5,Skutterudite,0.056,179.2,57900,3.04,0.398,3.78,163.5,920.6,1.118,4.08,140.7,4.122
Cr3Si,Silicide,0.62,285.5,26536,5.8,0.219,0.77,143.56,1276.1,1.645,1.92,138.0,1.612
Mo3Si,Silicide,0.594,186.4,32568,3.31,0.167,1.11,167.71,1231.2,2.043,5.12,154.6,2.591
CoSb3,Skutterudite,0.085,130.4,44045,1.77,0.236,2.75,171.37,495.4,1.678,2.67,141.5,1.239
Bi2Se3,Bi-chalcogenide,0.205,107.7,58999,1.3,0.349,3.67,151.88,590.7,1.381,5.53,129.2,3.06
Tl2SnTe5,Other,0.656,142.8,24849,2.69,0.109,1.39,130.31,851.4,1.806,4.07,134.2,3.545
FeSb2,Skutterudite,0.081,166.5,75270,2.62,0.467,4.02,84.16,1062.2,1.155,2.94,150.5,2.077
Ce0.1Co4Sb12,Skutterudite,0.081,167.3,56428,1.98,0.527,3.86,73.77,974.1,1.473,5.68,159.6,1.145
InSb,Antimonide,0.37,153.4,38130,5.76,0.123,1.63,128.1,1244.1,1.531,5.9,162.1,3.328
GaSb,Antimonide,0.074,150.2,26697,6.51,0.05,1.88,98.2,1679.1,1.089,4.62,135.7,1.107
In4Sn3O12,Oxide,1.551,188.3,969,5.71,0.004,0.63,155.95,1127.8,1.852,4.63,120.7,1.224
ZrCoSb,Half-Heusler,0.584,211.0,173710,5.56,0.694,1.23,72.87,1515.5,1.62,1.56,148.0,3.415
TiNiSn,Half-Heusler,0.676,270.4,247032,3.94,2.824,1.13,187.17,1044.9,1.747,5.51,101.3,3.267
CoSb3,Skutterudite,0.173,139.7,77399,2.91,0.261,4.77,199.46,1260.2,1.515,5.3,161.2,1.438
GaSb,Antimonide,0.305,155.7,76191,3.35,0.405,1.44,78.02,1603.0,1.179,7.01,153.6,2.524
CoGe1.5S1.5,Skutterudite,0.064,160.0,44769,4.2,0.186,5.0,87.02,1478.6,1.575,3.72,192.4,3.908
Sr8Ga16Ge30,Clathrate,0.063,213.7,65610,1.43,1.491,1.63,119.37,862.6,1.849,4.83,167.7,3.037
Cu2Te,Telluride-other,0.364,212.8,42913,1.68,0.608,0.73,120.09,644.9,2.048,4.21,145.1,2.852
CoSb3,Skutterudite,0.136,112.5,68020,2.25,0.254,3.39,56.37,998.0,1.55,4.78,115.8,4.184
GaSb,Antimonide,0.252,166.2,29353,4.23,0.106,1.06,87.04,1379.3,1.541,6.01,83.2,3.691
Zn4Sb3,Antimonide,0.293,229.8,60742,5.92,0.304,1.57,48.72,1391.9,1.583,3.3,179.7,2.349
ZrCoSb,Half-Heusler,0.714,152.8,176889,4.44,0.602,1.49,103.94,1444.2,1.622,5.14,64.3,2.777
Ce0.1Co4Sb12,Skutterudite,0.142,176.2,69714,3.01,0.492,3.63,115.32,970.1,1.536,2.33,129.9,3.222
Ba8Ga16Ge30,Clathrate,0.035,230.8,48835,1.82,0.884,2.62,121.95,1108.6,1.531,3.14,187.5,3.535
Bi2Se3,Bi-chalcogenide,0.218,281.4,67548,0.8,3.0,2.66,79.29,785.5,1.612,5.14,149.2,2.518
In4Sn3O12,Oxide,2.212,288.2,251,11.6,0.001,0.61,65.83,1831.2,1.997,1.36,178.5,1.878
Ag2Te,Telluride-other,0.121,160.3,38206,1.26,0.581,2.7,138.14,890.1,1.777,3.95,151.6,3.66
Cu2Te,Telluride-other,0.199,227.5,53318,1.82,0.995,3.33,111.66,1184.7,1.672,4.54,160.8,2.125
PbTe,Pb-chalcogenide,0.219,149.5,88228,1.71,0.771,2.09,90.44,166.9,1.614,6.5,133.6,3.456
SrTiO3,Oxide,2.361,333.8,1215,9.37,0.012,0.56,187.15,1500.9,1.962,6.5,192.4,2.007
Cu2Se,Telluride-other,0.143,200.8,85902,1.91,0.963,1.28,19.36,1053.0,1.247,3.62,138.0,3.23
FeSb2,Skutterudite,0.111,173.6,88169,2.12,1.104,2.96,92.69,912.0,1.727,2.55,102.1,4.355
Cu2Te,Telluride-other,0.385,181.1,57739,1.09,1.672,1.51,129.28,860.2,1.901,2.08,169.1,3.651
Bi2Te3,Bi-chalcogenide,0.203,217.1,76051,1.13,2.426,3.2,172.11,1355.4,1.801,4.23,114.9,3.116
SrTiO3,Oxide,1.292,336.9,1712,8.27,0.016,0.74,109.46,1638.0,1.864,4.67,83.5,3.464
In4Sn3O12,Oxide,1.158,155.6,1294,13.41,0.001,0.51,201.71,2597.8,1.852,3.14,133.6,2.123
La3Te4,Other,0.39,151.7,11286,7.84,0.023,0.77,123.52,1817.0,1.498,3.89,159.2,1.711
Ce0.1Co4Sb12,Skutterudite,0.144,146.9,38673,2.33,0.201,5.3,135.89,1298.8,1.564,3.69,102.6,3.802
Bi2Te3,Bi-chalcogenide,0.243,160.8,71512,1.01,1.095,2.77,166.09,1122.6,1.701,4.86,127.7,3.545
GeTe,Telluride-other,0.325,132.8,87789,1.63,0.546,2.35,133.22,740.3,1.304,1.31,153.2,3.807
Cu2Se,Telluride-other,0.389,146.6,58364,2.14,0.367,2.29,61.23,1047.5,1.387,2.84,145.9,3.247
Pb0.98Na0.02Te,Pb-chalcogenide,0.309,156.3,75102,2.0,0.668,2.04,115.81,1458.4,1.543,3.5,122.5,2.769
In2Se3,Other,0.247,180.2,31221,9.12,0.061,0.76,128.7,1826.1,1.335,6.67,168.7,4.591
ZrNiSn,Half-Heusler,0.701,181.8,227895,6.17,0.632,1.39,141.91,1491.4,1.505,4.79,173.7,3.547
TiCoSb,Half-Heusler,0.648,185.8,164746,4.52,0.65,1.0,110.72,1381.6,1.774,3.03,158.1,2.254
Cu2Se,Telluride-other,0.31,285.0,70736,2.44,1.222,1.71,131.03,1159.0,0.962,2.77,189.5,2.29
Ag2Te,Telluride-other,0.277,110.4,17506,0.8,0.129,2.3,135.2,337.2,1.572,5.93,109.6,2.203
Mo3Si,Silicide,0.792,198.3,27389,2.37,0.238,0.8,122.67,1474.1,1.877,4.08,141.2,2.962
Bi2Te3,Bi-chalcogenide,0.179,155.4,53874,1.35,0.702,2.99,69.64,855.5,1.653,5.86,143.6,3.429
SrTiO3,Oxide,1.755,163.5,990,11.48,0.001,0.5,134.89,1861.0,2.124,2.11,170.0,4.039
Fe3Si,Silicide,0.552,213.3,35479,3.32,0.303,0.61,115.44,1197.6,1.429,2.81,134.0,1.89
Ag2Te,Telluride-other,0.126,183.7,49872,1.41,0.597,2.33,127.55,724.7,1.613,5.12,98.1,1.963
TiNiSn,Half-Heusler,0.789,342.2,133401,3.61,2.663,1.08,134.59,1036.5,1.682,7.23,114.5,2.51
ZnO,Oxide,1.451,59.2,100,9.83,0.0,0.38,104.09,1936.4,1.623,4.24,147.1,3.479
GeTe,Telluride-other,0.148,223.3,66051,1.77,1.005,3.55,157.01,1035.8,1.632,4.5,135.4,3.179
CoGe1.5S1.5,Skutterudite,0.01,129.4,24245,2.0,0.171,2.71,134.52,844.6,1.296,3.32,102.2,1.869
Cr3Si,Silicide,0.669,183.7,25054,2.61,0.178,0.78,119.15,839.2,1.626,5.8,200.5,2.805
Eu8Ga16Ge30,Clathrate,0.081,157.1,58541,0.7,1.465,1.81,142.07,910.2,1.501,2.13,144.8,3.711
Mg2Si,Silicide,0.583,255.8,31341,4.11,0.321,0.55,120.27,922.7,1.615,4.01,117.5,4.336
IrSb3,Skutterudite,0.065,201.8,11404,1.77,0.154,4.16,92.37,377.3,1.44,3.59,176.8,1.743
In4Sn3O12,Oxide,1.754,193.2,1224,12.66,0.002,0.56,181.9,1504.8,2.132,1.82,156.4,2.845
Ag2Te,Telluride-other,0.31,166.2,55713,2.8,0.4,2.2,168.4,1350.3,1.434,4.78,150.0,1.416
Mo3Si,Silicide,0.683,185.0,30265,5.33,0.114,0.77,90.83,1423.5,1.282,3.39,163.7,2.877
ZnO,Oxide,0.399,350.6,940,5.3,0.016,0.62,82.97,1638.5,1.968,3.65,153.1,2.948
TiCoSb,Half-Heusler,0.354,241.8,155612,6.36,0.771,1.22,96.98,1517.5,1.731,3.35,124.8,2.235
Zn4Sb3,Antimonide,0.115,172.7,44658,5.54,0.145,1.44,55.38,1225.5,1.26,4.05,173.6,3.048
Pb0.98Na0.02Te,Pb-chalcogenide,0.371,173.9,56819,2.25,0.491,1.04,65.59,1014.2,1.842,2.85,171.3,4.15
Ca2Co2O5,Oxide,2.225,132.9,447,5.04,0.001,0.47,230.75,943.6,2.016,2.24,160.3,2.117
Sr8Ga16Ge30,Clathrate,0.039,112.9,73720,1.64,0.286,1.91,73.6,766.6,1.535,3.98,205.5,3.711
Bi2Se3,Bi-chalcogenide,0.195,233.3,117056,0.72,3.0,2.89,21.51,708.9,1.549,5.56,139.8,4.384
CoGe1.5S1.5,Skutterudite,0.063,137.5,77493,2.77,0.308,4.71,22.68,1025.5,1.799,3.09,181.6,2.761
Cr3Si,Silicide,0.571,150.9,16706,5.21,0.039,0.83,129.3,929.5,1.621,2.57,168.3,5.156
Ce0.1Co4Sb12,Skutterudite,0.039,212.1,75755,3.88,0.583,3.81,66.61,995.6,1.412,1.88,156.1,2.96
ZrNiSn,Half-Heusler,1.035,241.3,210071,5.49,1.46,1.23,160.18,1086.2,1.645,3.76,119.3,2.526
SrTiO3,Oxide,0.666,185.4,895,12.56,0.001,0.77,142.45,2150.7,1.827,6.65,155.2,1.248
Cu2Se,Telluride-other,0.405,209.0,41973,2.89,0.29,2.98,159.19,1396.0,1.655,6.66,158.6,2.896
ZrCoSb,Half-Heusler,0.94,99.4,211897,6.77,0.153,1.48,128.02,1428.8,1.48,4.92,83.9,0.847
PbTe0.7Se0.3,Pb-chalcogenide,0.231,150.3,74070,2.2,0.464,1.71,107.6,823.7,1.722,2.17,134.3,2.925
Mg2Si,Silicide,0.902,212.1,19395,4.24,0.167,0.58,115.97,1161.5,1.63,7.07,167.9,3.494
GeTe,Telluride-other,0.347,276.2,60908,2.01,1.31,2.92,107.62,1003.6,1.581,6.13,149.4,3.641
In4Sn3O12,Oxide,1.544,301.6,1496,12.99,0.007,0.27,117.22,2198.7,1.935,3.18,103.9,3.28
Cr3Si,Silicide,0.479,214.9,37529,1.28,0.693,0.6,93.74,657.3,1.675,5.39,112.7,2.994
PbTe0.7Se0.3,Pb-chalcogenide,0.388,165.4,79043,1.69,0.656,1.34,88.76,943.9,1.331,3.91,189.4,5.184
ZnO,Oxide,1.391,318.1,985,5.36,0.008,0.64,124.65,1222.7,1.791,2.03,130.9,4.31
GeTe,Telluride-other,0.443,294.2,59722,1.76,1.755,1.08,143.43,903.7,1.837,3.86,148.1,2.225
Cu2Se,Telluride-other,0.31,187.4,56721,2.84,0.485,1.92,83.35,824.0,1.612,4.93,154.3,1.99
La3Te4,Other,0.674,192.3,31978,2.67,0.252,0.56,89.63,849.5,1.615,2.34,89.3,3.057
ZnSb,Antimonide,0.328,137.0,54138,7.64,0.098,1.6,105.67,1822.9,1.369,3.16,178.8,3.767
PbTe,Pb-chalcogenide,0.289,410.1,63441,2.16,3.0,1.77,139.86,1045.7,1.7,2.45,123.3,3.245
SrTiO3,Oxide,0.686,265.6,831,0.8,0.044,0.35,172.73,1115.7,1.876,1.74,171.1,3.111
Ba8Al16Si30,Clathrate,0.071,182.6,52073,1.06,1.062,2.78,11.3,814.7,1.693,5.66,189.7,1.669
ZnO:Al,Oxide,1.611,384.2,2206,9.61,0.022,0.6,142.04,926.7,1.958,4.05,135.7,1.672
PbTe0.7Se0.3,Pb-chalcogenide,0.336,185.6,40294,2.35,0.421,2.93,139.64,422.6,1.564,3.46,164.2,2.892
ZrNiSn,Half-Heusler,0.819,204.6,222041,6.57,0.753,1.45,124.89,1420.2,1.653,7.32,172.1,1.346
GaSb,Antimonide,0.292,161.8,35137,6.37,0.061,2.12,194.39,1603.8,1.665,4.83,153.2,3.273
Tl2SnTe5,Other,0.898,93.1,11560,6.88,0.009,1.52,140.35,1536.2,1.773,5.6,117.3,2.842
Bi2Te2Se,Bi-chalcogenide,0.137,185.3,83005,0.64,2.438,3.78,71.07,562.6,1.446,3.54,131.1,1.606
In2Se3,Other,0.178,133.0,14770,3.27,0.048,0.54,143.82,1854.1,1.335,2.58,114.9,2.266
InSb,Antimonide,0.113,177.3,50437,5.75,0.212,1.59,91.64,866.1,1.576,6.43,122.0,2.187
TiCoSb,Half-Heusler,0.556,220.2,164236,3.97,1.02,0.79,45.48,944.9,1.513,3.57,188.7,3.798
HfNiSn,Half-Heusler,0.771,157.1,234008,4.64,0.838,0.65,119.95,1074.5,1.748,3.69,198.8,3.802
FeSb2,Skutterudite,0.135,149.7,85313,2.66,0.497,4.12,106.7,1318.3,1.319,1.51,168.3,3.346
PbTe0.7Se0.3,Pb-chalcogenide,0.422,178.2,102038,2.06,1.011,1.8,140.31,660.5,1.743,3.99,124.8,1.119
SnTe,Telluride-other,0.259,182.2,42689,0.8,1.257,2.61,99.23,1229.4,1.597,6.38,197.1,2.106
GeTe,Telluride-other,0.342,226.2,66708,2.07,0.924,3.35,76.91,666.7,1.282,4.23,139.8,1.811
Fe3Si,Silicide,0.742,163.1,49586,6.03,0.118,0.71,66.92,1667.5,1.893,5.75,171.9,1.071
Ag2Te,Telluride-other,0.135,149.7,87887,2.01,0.687,3.04,74.23,1359.6,1.512,4.07,126.1,4.878
Ca2Co2O5,Oxide,1.847,212.4,1457,10.13,0.004,0.57,139.73,2000.1,2.124,4.61,162.3,2.043
ZrNiSn,Half-Heusler,0.903,213.8,155254,3.34,1.571,1.14,115.49,566.9,1.681,4.1,123.1,3.437
IrSb3,Skutterudite,0.052,169.9,68547,1.43,0.857,3.22,80.91,992.2,1.749,3.98,136.6,1.623
Tl2SnTe5,Other,0.378,116.3,19185,6.06,0.033,1.88,129.58,1674.3,1.556,2.6,117.8,3.026
FeSb2,Skutterudite,0.089,108.0,89173,1.94,0.308,3.95,42.3,919.5,1.383,2.53,186.2,2.624
TiNiSn,Half-Heusler,0.588,303.3,172664,3.2,2.54,0.71,121.52,1186.7,1.313,3.37,185.5,3.005
ZrNiSn,Half-Heusler,0.785,200.4,251098,6.65,0.67,1.25,113.01,1088.5,1.512,4.8,103.2,4.307
AgPbmSbTe2+m,Other,0.605,208.8,8276,3.03,0.061,0.48,123.77,1483.1,1.905,5.13,149.2,4.401
CoGe1.5S1.5,Skutterudite,0.025,124.1,27971,1.85,0.158,2.9,107.48,519.4,1.393,3.29,155.1,2.075
Pb0.98Na0.02Te,Pb-chalcogenide,0.252,184.7,74616,2.45,0.5,1.89,71.35,1435.1,1.161,5.43,186.9,2.161
Ca2Co2O5,Oxide,1.39,399.9,685,8.82,0.007,0.33,113.33,1041.3,2.089,3.84,146.0,4.237
SnTe,Telluride-other,0.206,217.3,98708,1.44,2.664,2.11,180.88,1390.5,1.488,4.97,142.6,5.146
GeTe,Telluride-other,0.158,147.2,57573,1.47,0.578,3.22,104.88,1324.4,1.323,2.98,177.9,2.68
PbS,Pb-chalcogenide,0.306,197.6,68859,3.2,0.659,1.23,133.37,1474.2,1.477,3.24,142.8,4.369
ZnO:Al,Oxide,1.96,400.2,984,10.09,0.008,0.18,139.74,1955.5,1.79,2.66,154.3,2.593
PbTe0.7Se0.3,Pb-chalcogenide,0.48,187.3,106517,0.54,2.871,1.87,99.27,878.8,1.555,3.01,81.8,5.024
SnTe,Telluride-other,0.148,40.3,17423,1.05,0.02,3.06,75.42,660.3,1.264,3.64,119.5,3.977
TiCoSb,Half-Heusler,0.351,241.3,194064,2.83,1.937,1.3,131.48,823.4,1.72,3.08,138.4,3.743
Fe3Si,Silicide,0.714,143.1,36137,3.12,0.144,0.72,151.04,1204.2,1.749,3.75,130.8,2.595
ZnO:Al,Oxide,1.629,210.1,1456,6.53,0.006,0.43,87.42,1674.3,1.538,1.18,133.1,4.136
Ca2Co2O5,Oxide,1.187,363.1,571,8.46,0.005,0.64,181.35,1498.2,2.272,2.16,159.5,2.704
Cu2ZnSnS4,Other,0.163,118.4,32317,3.04,0.113,0.98,113.51,1231.6,1.729,5.03,143.6,2.892
PbSe,Pb-chalcogenide,0.423,210.0,56427,1.62,1.163,1.88,100.22,1310.0,1.468,3.53,169.8,4.26
HfNiSn,Half-Heusler,0.525,150.7,105469,2.16,0.723,1.01,159.16,1277.1,1.793,4.44,229.3,2.557
Cr3Si,Silicide,0.609,179.4,31674,6.49,0.094,0.46,182.62,1796.0,1.602,0.95,171.9,3.977
TiNiSn,Half-Heusler,0.702,213.4,322996,5.69,1.596,0.94,91.97,1609.8,1.352,4.6,162.2,2.741
CoSb3,Skutterudite,0.101,259.1,43427,2.58,0.575,4.14,84.0,1002.0,1.732,3.23,136.2,4.292
GeTe,Telluride-other,0.179,203.0,35399,1.08,0.782,2.86,117.92,863.6,1.666,2.89,159.8,2.198
HfNiSn,Half-Heusler,0.928,231.3,124295,3.71,1.059,1.61,170.56,1266.6,1.221,2.94,165.2,1.174
ZnO:Al,Oxide,1.633,225.4,701,7.55,0.002,0.21,60.36,2079.9,1.857,5.61,81.1,3.587
PbTe0.7Se0.3,Pb-chalcogenide,0.332,278.8,50707,1.27,2.115,1.8,126.84,690.4,1.763,3.53,172.9,4.43
Bi2Te3,Bi-chalcogenide,0.135,219.7,67900,1.32,1.203,2.72,72.71,635.6,1.701,1.81,171.5,3.472
TiCoSb,Half-Heusler,0.872,284.1,243802,1.96,3.0,1.5,138.08,1228.0,1.53,4.25,161.3,2.944
Bi0.5Sb1.5Te3,Bi-chalcogenide,0.202,207.3,111017,0.34,3.0,1.85,169.44,999.4,1.389,2.63,144.9,2.616
ZnO:Al,Oxide,1.221,261.8,1457,7.83,0.008,1.05,121.88,1761.7,1.836,2.74,142.7,4.681
Ba8Al16Si30,Clathrate,0.02,92.9,45075,1.34,0.195,1.32,81.19,1288.9,1.528,4.34,114.4,2.909
ZrNiSn,Half-Heusler,1.128,190.0,238890,3.48,1.632,1.06,143.06,1459.3,1.951,4.42,177.0,3.943
GaSb,Antimonide,0.05,202.5,54554,4.75,0.438,1.31,101.05,1125.8,1.566,4.5,130.9,1.779
Bi0.5Sb1.5Te3,Bi-chalcogenide,0.075,215.2,84132,0.9,2.991,2.03,141.4,1233.0,1.678,4.09,160.3,3.956
ZnO:Al,Oxide,1.485,333.0,918,12.75,0.004,0.86,160.88,2524.3,1.83,2.94,175.9,3.778
Mo3Si,Silicide,0.603,235.9,26773,2.95,0.452,0.81,119.8,1399.5,1.803,4.52,129.5,2.078
Mg2Si,Silicide,0.475,178.7,15995,2.83,0.094,0.87,66.24,1275.8,1.673,3.41,141.1,4.609
SrTiO3,Oxide,0.806,354.4,1154,12.87,0.008,0.67,132.22,2001.2,1.982,3.53,155.9,2.816
Tl2SnTe5,Other,0.693,129.7,12153,8.19,0.017,0.37,133.66,1543.7,1.673,2.55,186.2,1.103
ZnO:Al,Oxide,1.103,239.1,832,6.64,0.004,1.05,88.08,1443.4,1.741,4.79,178.4,2.414
Ca2Co2O5,Oxide,1.934,279.7,1885,9.67,0.011,0.57,135.08,1718.6,2.142,4.44,88.1,3.17
ZrNiSn,Half-Heusler,0.8,69.9,283616,6.39,0.137,1.75,159.23,1454.8,1.815,3.08,167.2,2.856
PbSe,Pb-chalcogenide,0.261,224.4,84308,3.42,0.811,2.02,89.18,1239.2,1.517,3.62,141.4,4.911
Zn4Sb3,Antimonide,0.084,142.9,66092,9.3,0.079,1.33,26.78,2357.9,1.549,4.17,109.0,4.221
Ag2Te,Telluride-other,0.269,137.5,33631,1.87,0.248,2.81,153.24,701.4,1.584,4.91,156.3,1.426
Eu8Ga16Ge30,Clathrate,0.026,196.9,25265,1.1,0.47,2.62,103.01,1054.2,1.32,4.61,122.8,3.127
Cu2ZnSnS4,Other,0.141,215.6,22111,6.07,0.078,1.33,95.62,1235.9,1.461,5.17,166.8,3.938
MnSi1.73,Silicide,0.935,96.0,23100,5.13,0.031,1.02,127.41,1712.2,1.78,3.47,177.3,2.47
Fe3Si,Silicide,0.8,222.6,34440,3.6,0.267,1.08,118.91,598.3,1.537,4.13,93.7,2.443
ZnO:Al,Oxide,0.629,315.3,1674,12.5,0.008,0.69,107.52,2103.5,2.09,3.88,144.3,0.622
Cu2Te,Telluride-other,0.073,129.5,71328,2.19,0.437,2.65,205.56,910.8,1.529,4.69,170.3,4.715
SnTe,Telluride-other,0.219,205.6,52644,2.52,0.628,2.47,60.05,798.2,1.499,4.67,151.7,3.247
GeTe,Telluride-other,0.367,240.5,46302,2.24,0.789,2.18,104.56,1649.5,1.711,2.82,148.5,1.27
Bi0.5Sb1.5Te3,Bi-chalcogenide,0.075,221.2,100358,1.08,3.0,3.31,25.85,1355.6,1.547,3.51,106.4,2.551
CdSb,Antimonide,0.323,173.0,52454,4.14,0.204,1.75,76.07,1449.3,1.755,1.31,166.1,3.065
In2Se3,Other,0.33,199.0,10087,9.48,0.028,1.26,96.1,1671.0,1.863,5.16,166.0,2.649
PbTe,Pb-chalcogenide,0.422,159.9,85237,2.3,0.672,2.17,40.29,646.5,1.624,2.57,145.6,2.775
PbSe,Pb-chalcogenide,0.313,177.3,52581,1.97,0.564,1.31,141.44,747.3,1.803,5.93,130.0,5.176
Bi0.5Sb1.5Te3,Bi-chalcogenide,0.092,221.0,78904,1.13,1.985,2.41,79.08,819.3,1.393,7.22,123.9,2.924
ZrCoSb,Half-Heusler,1.093,224.2,215012,8.09,0.457,1.26,179.75,1214.1,2.093,4.82,118.3,2.648
ZnSb,Antimonide,0.211,127.4,32914,4.62,0.075,1.25,124.05,1140.8,1.511,2.26,175.4,2.692
ZnO,Oxide,1.934,355.6,1243,6.76,0.014,0.39,194.57,1047.3,1.967,4.95,121.6,2.656
GaSb,Antimonide,0.282,107.9,56449,5.36,0.07,1.5,105.69,1242.4,1.73,4.44,153.6,2.701
CoGe1.5S1.5,Skutterudite,0.065,106.8,67916,3.11,0.168,4.14,15.23,1129.0,1.408,5.99,95.3,4.347
ZnO:Al,Oxide,0.885,417.1,1535,5.31,0.031,0.23,159.41,1667.9,2.06,6.64,171.7,2.336
In2Se3,Other,0.513,78.6,1411,3.58,0.002,0.32,36.9,712.9,1.637,6.18,144.8,1.835
Mg2Si,Silicide,0.526,214.8,42319,6.06,0.155,0.87,166.5,1329.3,1.716,5.62,181.6,2.165
TiCoSb,Half-Heusler,0.722,188.0,275507,7.08,0.663,0.96,135.46,1542.4,1.714,4.77,126.8,3.3
HfNiSn,Half-Heusler,1.115,252.7,179303,2.32,3.0,1.58,92.61,632.7,1.745,4.4,180.1,2.443
Pb0.98Na0.02Te,Pb-chalcogenide,0.32,261.1,65567,0.93,2.917,1.38,81.39,1278.8,1.618,2.96,204.9,2.009
Cu2Te,Telluride-other,0.215,104.1,42874,1.89,0.151,2.15,95.05,879.5,1.28,3.58,124.9,1.66
Ba8Ga16Ge30,Clathrate,0.01,228.5,60658,2.19,0.89,1.33,132.07,828.6,1.293,5.31,125.2,1.53
GaSb,Antimonide,0.168,110.6,32070,3.07,0.082,1.9,85.38,1151.1,1.527,4.2,163.0,4.306
PbS,Pb-chalcogenide,0.153,246.2,48091,2.83,0.621,2.09,149.98,891.0,1.467,2.87,140.2,2.583
Bi2Te2Se,Bi-chalcogenide,0.144,216.8,105561,1.68,1.814,2.27,60.9,853.7,1.404,5.07,126.0,0.907
Cu2Te,Telluride-other,0.357,242.3,53407,1.08,1.81,1.41,116.27,220.9,1.486,2.27,147.4,2.022
SnTe,Telluride-other,0.117,234.6,101488,1.78,2.164,2.6,55.55,866.5,1.56,5.57,161.9,3.35
SrTiO3,Oxide,2.117,248.9,904,6.53,0.005,0.46,131.92,2137.6,2.045,2.9,124.9,2.567
Bi0.5Sb1.5Te3,Bi-chalcogenide,0.194,172.8,93895,1.38,1.372,2.36,131.98,1075.1,1.662,4.61,154.3,4.273
ZnO:Al,Oxide,1.346,328.4,435,10.65,0.003,0.19,151.71,2014.0,1.779,4.43,169.8,1.617
Sr8Ga16Ge30,Clathrate,0.047,136.1,60227,1.23,0.553,1.89,168.65,728.3,1.417,3.51,172.7,1.912
ZnO,Oxide,1.275,155.6,767,11.44,0.001,0.25,118.63,1641.4,1.642,3.72,107.7,2.893
GaSb,Antimonide,0.127,108.4,40431,4.28,0.07,0.96,131.43,1037.1,1.371,4.63,131.3,2.803
Tl2SnTe5,Other,0.01,193.1,12389,5.78,0.055,1.5,104.48,1078.8,1.777,3.95,158.8,4.177
ZrCoSb,Half-Heusler,0.602,182.1,184271,6.48,0.482,1.73,113.38,1049.1,1.94,4.55,190.7,3.87
Ca2Co2O5,Oxide,1.401,240.0,1129,7.52,0.005,0.56,119.52,1602.6,1.802,4.54,161.0,1.894
Cu2ZnSnS4,Other,0.614,107.0,19903,12.14,0.011,1.12,183.03,1724.8,1.425,4.88,166.0,1.583
GaSb,Antimonide,0.126,262.7,58860,5.26,0.42,2.15,84.08,1389.5,1.8,5.46,170.3,3.075
Cu2Se,Telluride-other,0.402,340.8,43190,1.58,1.736,2.41,64.89,1146.9,1.22,4.41,166.5,4.687
La3Te4,Other,0.39,59.7,29900,4.35,0.012,0.85,71.06,1573.8,1.529,5.76,151.7,4.502
Ba8Al16Si30,Clathrate,0.036,235.2,30433,2.01,0.426,1.23,102.91,1292.0,1.31,4.24,181.0,4.503
Bi2Te3,Bi-chalcogenide,0.157,193.4,39552,0.93,0.758,2.58,32.43,870.7,1.588,2.91,171.2,2.952
GaSb,Antimonide,0.234,216.5,69373,2.3,0.773,1.46,41.71,1088.4,1.726,3.83,171.5,2.094
Zn4Sb3,Antimonide,0.289,187.8,34394,4.14,0.162,1.51,73.49,1242.8,1.692,1.34,148.7,3.468
ZrCoSb,Half-Heusler,0.854,369.9,165491,3.1,3.0,0.65,135.61,1109.8,1.678,4.39,159.0,1.86
PbTe0.7Se0.3,Pb-chalcogenide,0.426,252.1,71003,1.62,1.767,1.99,57.67,981.9,1.272,6.42,191.8,4.902
SnTe,Telluride-other,0.152,173.2,44499,1.6,0.487,1.49,82.91,912.2,1.479,4.14,204.2,5.252
IrSb3,Skutterudite,0.132,160.9,37629,1.99,0.263,3.5,125.01,472.2,1.517,2.29,201.5,1.651
PbS,Pb-chalcogenide,0.256,145.2,45928,2.36,0.221,1.49,91.08,1455.4,1.564,2.99,145.6,2.713
Bi2Te2Se,Bi-chalcogenide,0.235,240.4,62054,1.38,1.316,2.54,101.65,1181.9,1.439,4.59,154.0,4.946
PbTe0.7Se0.3,Pb-chalcogenide,0.311,106.2,53622,1.97,0.179,1.63,97.56,545.5,1.665,1.68,165.5,3.515
Mg2Si,Silicide,0.744,247.4,15047,5.95,0.09,0.91,210.9,1405.5,1.645,3.7,99.6,4.537
AgPbmSbTe2+m,Other,1.101,56.1,35540,5.16,0.017,1.76,124.18,1071.4,1.47,2.92,133.4,3.245
Bi0.5Sb1.5Te3,Bi-chalcogenide,0.078,197.5,124050,1.32,2.769,2.76,131.03,255.1,1.514,4.33,181.8,2.627
ZrCoSb,Half-Heusler,1.041,179.0,219132,3.46,1.52,0.95,166.99,1020.5,1.937,6.65,135.3,4.373
Cu2Te,Telluride-other,0.222,231.1,50385,1.95,1.131,2.89,157.98,633.1,1.498,5.59,192.4,4.046
Ba8Al16Si30,Clathrate,0.016,123.0,41488,0.86,0.365,1.83,114.85,721.0,1.666,3.66,135.0,2.821
MnSi1.73,Silicide,0.653,253.2,20774,4.71,0.188,0.66,192.42,1387.0,1.698,4.52,100.6,4.918
Sr8Ga16Ge30,Clathrate,0.049,187.3,43387,1.34,0.764,2.26,134.93,891.6,1.757,2.33,207.9,2.022
ZrCoSb,Half-Heusler,1.03,311.3,131164,4.47,1.832,1.35,159.17,947.6,1.218,6.79,122.1,3.42
Mo3Si,Silicide,1.004,295.9,25273,7.56,0.242,0.89,161.27,2044.0,1.738,4.22,75.4,2.834
ZnO,Oxide,0.811,306.1,648,9.63,0.006,0.17,151.33,1580.8,1.656,6.0,136.4,4.563
Sr8Ga16Ge30,Clathrate,0.044,264.6,76587,1.69,2.205,2.74,87.87,1068.9,1.46,5.22,141.8,3.333
HfNiSn,Half-Heusler,1.143,196.7,197663,3.44,1.471,1.57,20.03,1626.1,1.844,1.5,140.0,2.825
Ba8Al16Si30,Clathrate,0.01,136.2,89923,1.73,0.489,1.67,132.99,1290.6,1.302,2.56,212.4,3.58
Ca2Co2O5,Oxide,2.206,352.5,100,4.46,0.001,0.45,182.77,1266.5,2.186,7.0,167.3,3.028
ZnO,Oxide,2.244,106.1,701,8.59,0.001,0.48,134.07,1175.0,1.792,5.04,140.0,2.733
AgPbmSbTe2+m,Other,0.64,172.4,19341,2.58,0.132,1.59,142.04,431.7,1.724,3.18,199.8,2.921
Zn4Sb3,Antimonide,0.295,135.4,21453,3.98,0.049,0.9,151.27,1340.9,1.758,3.98,161.1,3.982
Ag2Te,Telluride-other,0.286,138.9,34051,0.61,0.634,2.82,109.35,661.4,1.45,7.31,117.0,4.751
PbTe0.7Se0.3,Pb-chalcogenide,0.363,147.9,51408,1.92,0.371,1.95,178.27,883.3,1.619,4.47,176.7,2.301
Bi2Te3,Bi-chalcogenide,0.117,209.9,80906,0.7,3.0,2.93,165.19,811.7,1.521,4.78,142.2,2.502
Bi2Se3,Bi-chalcogenide,0.116,207.4,71027,1.83,0.986,2.57,113.32,826.1,1.151,3.03,186.4,3.206
Cu2Se,Telluride-other,0.329,209.2,58272,1.8,0.816,2.32,176.31,1312.3,1.514,4.59,209.6,3.791
ZrCoSb,Half-Heusler,0.831,250.5,106572,6.39,0.629,1.2,191.64,1448.2,1.556,5.5,146.4,3.567
Eu8Ga16Ge30,Clathrate,0.01,192.9,33076,2.15,0.352,2.65,113.86,847.8,1.5,4.24,138.8,4.061
ZnO,Oxide,1.634,331.6,868,5.96,0.008,0.68,171.42,1621.5,1.994,5.65,141.9,4.773
PbSe,Pb-chalcogenide,0.281,233.8,61178,1.6,1.421,2.3,70.38,962.5,1.347,5.86,169.8,0.921
Fe3Si,Silicide,0.747,200.8,30910,4.5,0.231,0.93,173.84,1336.8,1.962,5.77,177.1,1.706
ZrCoSb,Half-Heusler,0.518,244.7,234018,4.8,1.979,1.33,78.48,1313.3,1.418,3.37,75.8,2.227
Mo3Si,Silicide,0.616,216.7,23202,3.04,0.173,0.68,143.53,1142.1,1.616,3.97,147.8,0.734
CoSb3,Skutterudite,0.039,196.3,41362,2.0,0.485,3.35,111.46,1402.2,1.747,2.31,128.0,1.665
GeTe,Telluride-other,0.277,261.4,48060,1.67,0.905,2.08,143.14,654.2,1.455,5.29,110.2,4.243
CoGe1.5S1.5,Skutterudite,0.111,139.3,86891,1.43,0.538,2.35,116.38,850.8,1.682,3.89,123.9,2.576
ZrCoSb,Half-Heusler,1.244,223.4,250138,4.14,1.997,1.43,208.22,971.4,1.868,4.97,120.2,3.075
TiNiSn,Half-Heusler,0.314,236.8,206877,4.48,1.572,1.25,142.12,1101.9,1.611,4.97,136.5,2.416
CoSb3,Skutterudite,0.139,164.4,18844,1.29,0.214,3.23,52.82,1123.1,1.694,-0.66,174.6,0.184
MnSi1.73,Silicide,0.736,215.4,27617,5.11,0.11,1.06,104.73,1252.5,2.078,4.79,159.1,3.911
Ba8Al16Si30,Clathrate,0.051,225.9,59708,2.13,0.71,2.26,91.19,1138.8,1.424,2.69,159.5,2.598
La3Te4,Other,1.067,167.9,9578,5.72,0.029,0.1,114.35,1451.2,1.816,5.44,151.9,1.599
TiNiSn,Half-Heusler,1.223,245.7,131732,5.94,0.807,0.75,164.03,1313.4,1.711,5.81,170.8,3.951
CoSb3,Skutterudite,0.051,176.4,83303,2.89,0.597,3.0,44.51,1136.2,1.261,3.32,172.2,5.021
IrSb3,Skutterudite,0.152,192.6,15439,1.51,0.286,3.06,157.96,517.1,1.421,5.41,126.9,2.601
Fe3Si,Silicide,0.783,165.3,24026,3.87,0.097,0.6,152.87,701.3,1.498,3.81,112.2,3.939
Bi2Te2Se,Bi-chalcogenide,0.148,220.0,89689,0.59,3.0,2.15,189.55,1172.6,1.503,3.02,153.9,3.465
PbTe0.7Se0.3,Pb-chalcogenide,0.252,192.2,69897,1.61,0.943,1.57,76.35,1601.3,1.932,5.11,176.9,2.997
ZrNiSn,Half-Heusler,0.903,267.9,175737,8.24,0.852,1.43,125.64,2105.0,2.007,4.74,182.6,4.487
IrSb3,Skutterudite,0.14,149.7,17258,2.87,0.078,3.23,99.22,1137.0,1.844,1.55,78.3,2.998
Bi0.5Sb1.5Te3,Bi-chalcogenide,0.117,156.2,98580,0.75,2.222,3.54,95.58,867.6,1.499,4.82,122.2,3.498
Bi2Te2Se,Bi-chalcogenide,0.175,181.5,96628,1.22,1.342,2.92,168.52,937.7,1.682,1.3,167.4,4.292
Mo3Si,Silicide,0.634,167.9,25082,1.96,0.257,0.37,102.6,998.1,1.891,1.1,144.0,3.391
CoSb3,Skutterudite,0.103,162.5,77668,3.91,0.393,3.6,172.65,884.1,1.394,7.39,89.0,3.856
TiCoSb,Half-Heusler,0.815,153.0,204549,8.1,0.357,1.41,64.27,1876.8,1.708,2.75,160.6,2.329
PbS,Pb-chalcogenide,0.327,277.4,70987,2.03,1.677,2.35,54.7,898.8,1.363,5.13,111.9,3.365
FeSb2,Skutterudite,0.094,165.0,39325,1.59,0.327,4.55,79.05,1171.5,1.526,6.26,100.8,1.75
Ca2Co2O5,Oxide,1.814,289.4,1342,8.8,0.011,0.58,171.1,1986.5,1.444,5.76,154.8,2.301
PbTe,Pb-chalcogenide,0.333,183.4,53155,1.99,0.624,1.82,89.73,1391.1,1.683,3.49,188.1,2.728
GaSb,Antimonide,0.137,197.5,38911,8.12,0.115,1.74,88.67,2008.3,1.487,6.07,117.4,3.564
Bi0.5Sb1.5Te3,Bi-chalcogenide,0.2,158.8,81981,1.03,1.215,2.88,32.74,1568.2,1.911,3.27,136.2,3.665
Cr3Si,Silicide,0.654,268.5,47263,4.79,0.457,0.91,256.22,1489.7,1.582,0.51,155.8,2.114
Mo3Si,Silicide,0.287,232.2,44350,5.79,0.225,0.93,116.72,1760.2,1.449,4.79,189.8,1.348
ZnO,Oxide,1.375,180.8,932,10.34,0.002,0.1,150.14,2264.6,1.719,5.12,109.1,3.89
IrSb3,Skutterudite,0.127,165.0,77925,3.22,0.344,4.55,139.67,1137.4,1.389,5.52,185.2,3.403
HfNiSn,Half-Heusler,0.585,298.0,210951,7.82,1.549,0.67,112.63,1341.7,1.392,1.57,176.5,1.926
Bi2Te2Se,Bi-chalcogenide,0.17,242.5,78110,0.36,3.0,1.71,123.48,847.1,1.444,3.89,169.3,2.22
Ca2Co2O5,Oxide,2.301,254.6,1776,8.52,0.009,0.54,80.35,1593.9,1.908,1.49,201.0,4.526
SnTe,Telluride-other,0.293,141.6,81769,2.13,0.454,1.94,201.93,1493.2,1.685,2.32,149.6,3.964
Bi2Se3,Bi-chalcogenide,0.221,196.0,73994,1.71,1.038,1.27,157.83,1143.2,1.724,3.92,190.8,1.487
Zn4Sb3,Antimonide,0.01,231.3,59947,8.16,0.368,1.29,65.86,1901.5,1.678,1.01,177.8,3.912
La3Te4,Other,0.806,187.9,32283,8.48,0.091,0.83,70.09,1402.7,1.82,1.98,142.1,3.172
ZnSb,Antimonide,0.21,159.9,46725,4.19,0.178,1.17,135.11,1226.5,1.626,4.13,140.2,4.036
PbTe,Pb-chalcogenide,0.303,161.3,89609,1.49,0.945,1.96,161.61,1348.4,1.552,5.74,141.5,3.33
PbSe,Pb-chalcogenide,0.327,145.3,61209,2.87,0.231,1.25,108.12,943.9,1.563,6.0,108.1,0.156
PbS,Pb-chalcogenide,0.255,209.5,65405,2.66,0.762,1.71,113.75,904.3,1.443,2.36,145.0,2.346
ZnO:Al,Oxide,1.201,396.3,1005,9.91,0.012,0.78,118.44,1843.1,1.418,4.84,101.0,1.848
Cu2Te,Telluride-other,0.142,230.0,34858,0.98,1.14,1.13,112.18,689.2,1.516,3.89,93.7,4.336
Sr8Ga16Ge30,Clathrate,0.088,137.0,25374,1.49,0.247,2.04,63.87,1060.4,1.687,1.0,192.1,2.414
Bi2Se3,Bi-chalcogenide,0.146,190.8,113815,1.15,2.126,2.78,43.19,809.5,1.653,5.41,111.1,3.459
Zn4Sb3,Antimonide,0.132,183.9,69938,5.05,0.215,0.33,77.24,1261.9,1.561,5.36,123.9,4.412
ZnO:Al,Oxide,1.468,224.0,1006,7.66,0.004,0.43,125.63,1502.2,2.09,1.95,161.8,2.766
Bi2Te2.7Se0.3,Bi-chalcogenide,0.106,274.0,99684,1.02,3.0,1.87,121.82,827.0,1.205,5.56,149.2,2.602
ZnO,Oxide,1.258,292.2,1167,4.07,0.014,0.62,197.64,1083.5,1.91,3.73,179.2,3.273
SrTiO3,Oxide,1.106,329.4,100,4.89,0.001,0.54,75.94,818.8,1.81,4.54,200.8,4.059
Ba8Ga16Ge30,Clathrate,0.11,204.3,55058,0.96,1.249,2.15,130.99,1162.9,1.315,2.99,148.5,3.066
ZrCoSb,Half-Heusler,0.652,247.4,196657,4.9,1.456,1.48,76.29,1267.8,1.68,1.91,177.3,4.326
Ce0.1Co4Sb12,Skutterudite,0.094,206.7,46519,3.32,0.37,3.96,74.95,944.4,1.835,4.94,143.7,2.645
PbTe,Pb-chalcogenide,0.336,122.5,102095,1.85,0.445,1.69,141.9,1058.5,1.746,2.15,114.4,3.423
SrTiO3,Oxide,1.124,335.2,1412,5.2,0.016,0.26,91.37,781.2,1.915,2.12,130.3,2.462
Cu2Se,Telluride-other,0.347,108.4,49195,1.97,0.178,1.64,148.33,1377.2,1.617,5.96,107.8,4.202
Bi2Te2Se,Bi-chalcogenide,0.152,231.2,102934,0.75,3.0,2.92,142.11,1000.4,1.766,5.38,114.3,3.153
ZnSb,Antimonide,0.203,100.0,45557,12.51,0.02,1.57,99.1,2378.8,1.701,3.74,116.4,2.312
Bi2Te3,Bi-chalcogenide,0.13,164.5,79511,0.79,1.46,3.12,13.07,846.1,1.678,6.15,126.8,2.849
Sr8Ga16Ge30,Clathrate,0.01,185.2,87114,2.21,0.794,2.64,163.15,1138.2,1.27,4.29,125.3,2.701
Bi0.5Sb1.5Te3,Bi-chalcogenide,0.176,172.9,83031,0.61,2.55,2.8,74.76,1211.2,1.319,2.31,152.0,1.953
Ag2Te,Telluride-other,0.112,281.7,67792,0.77,3.0,2.22,177.02,746.2,1.582,3.84,181.0,5.012
ZnSb,Antimonide,0.01,217.9,66841,9.72,0.186,1.13,57.2,1719.1,1.337,5.31,155.7,1.823
SnTe,Telluride-other,0.447,141.5,63915,1.4,0.53,2.38,179.16,869.4,1.46,4.69,153.2,2.533
IrSb3,Skutterudite,0.048,207.4,73726,3.06,0.528,2.87,155.8,1323.8,1.154,5.75,161.2,2.751
Bi0.5Sb1.5Te3,Bi-chalcogenide,0.138,265.7,101095,0.94,3.0,2.25,145.49,623.8,1.279,4.84,177.7,3.458
ZrCoSb,Half-Heusler,0.673,249.6,222866,6.09,1.258,1.31,114.81,1542.8,1.878,5.08,106.6,1.339
ZnSb,Antimonide,0.177,55.2,41968,4.1,0.024,1.64,119.69,1484.7,1.549,3.61,143.4,3.001
SnTe,Telluride-other,0.291,192.6,97839,1.28,1.574,2.76,143.72,1110.6,1.857,8.76,137.4,1.809
IrSb3,Skutterudite,0.032,114.2,95958,0.3,2.681,2.61,74.03,1326.5,1.405,3.47,194.6,1.044
Fe3Si,Silicide,0.729,226.0,35726,3.91,0.296,0.54,166.87,1657.9,1.937,3.31,189.1,3.429
Bi2Te2Se,Bi-chalcogenide,0.146,146.9,76983,1.03,0.818,2.34,70.41,800.9,1.713,1.93,101.9,0.806
PbTe0.7Se0.3,Pb-chalcogenide,0.403,249.7,97031,1.8,1.672,1.74,58.85,1076.3,1.502,2.48,173.8,3.232
PbTe,Pb-chalcogenide,0.452,153.3,96549,2.59,0.492,1.31,173.23,940.4,1.738,4.79,127.7,3.483
Ba8Ga16Ge30,Clathrate,0.063,197.9,54685,1.72,0.825,2.01,83.96,711.7,1.547,3.28,199.7,3.69
PbS,Pb-chalcogenide,0.289,214.0,65581,2.31,0.716,2.08,73.27,1012.4,1.543,9.64,204.4,3.154
Eu8Ga16Ge30,Clathrate,0.066,241.8,39263,1.48,0.843,2.7,67.46,991.1,1.086,5.18,153.5,3.198
Ca2Co2O5,Oxide,2.548,348.7,902,7.81,0.005,0.38,210.83,1425.3,1.533,2.69,157.7,2.522
SnTe,Telluride-other,0.269,249.2,68263,1.45,1.653,2.22,77.17,851.3,1.441,2.46,168.4,3.538
Bi2Se3,Bi-chalcogenide,0.079,275.8,77117,0.89,3.0,2.79,127.31,345.6,1.235,5.55,144.1,4.462
In4Sn3O12,Oxide,1.831,282.9,744,10.54,0.004,0.85,111.55,1681.8,1.898,4.69,223.3,2.407
Bi2Te2Se,Bi-chalcogenide,0.196,184.1,80574,1.21,1.444,3.13,110.97,821.9,1.669,5.71,167.6,2.427
Bi2Te2.7Se0.3,Bi-chalcogenide,0.166,149.7,76977,0.9,1.095,2.39,93.38,1529.1,1.716,2.29,158.2,3.94
ZnO,Oxide,1.747,233.6,975,13.8,0.002,0.64,203.6,2429.5,1.706,5.31,120.0,3.384
PbSe,Pb-chalcogenide,0.14,213.2,56882,1.73,1.016,2.0,102.47,438.3,0.96,1.77,144.5,2.127
CoGe1.5S1.5,Skutterudite,0.125,173.4,16363,1.6,0.181,3.12,134.23,827.1,1.678,1.17,151.1,2.06
FeSb2,Skutterudite,0.13,142.8,48822,2.44,0.173,3.6,104.24,613.1,1.65,1.21,167.7,4.222
Sr8Ga16Ge30,Clathrate,0.043,157.9,54053,1.25,0.754,2.35,132.61,1163.4,1.033,5.86,181.1,3.115
PbTe,Pb-chalcogenide,0.308,193.1,36600,2.57,0.271,2.3,133.07,781.9,1.809,4.06,114.9,3.006
GaSb,Antimonide,0.299,101.5,55340,5.02,0.084,1.8,114.68,1279.1,1.341,4.61,131.9,3.76
Bi0.5Sb1.5Te3,Bi-chalcogenide,0.154,158.4,95715,0.73,2.545,2.56,42.52,576.3,1.884,0.27,129.9,2.505
Cr3Si,Silicide,0.482,238.4,33621,3.08,0.417,0.86,124.2,561.3,1.706,4.41,142.8,2.588
PbTe0.7Se0.3,Pb-chalcogenide,0.203,97.2,92178,1.81,0.331,2.16,112.77,1342.0,1.393,5.82,100.3,2.103
ZnO,Oxide,1.752,355.0,100,6.31,0.002,0.85,224.18,1019.5,2.389,4.07,214.4,1.756
SrTiO3,Oxide,1.139,235.0,298,12.72,0.001,0.41,193.69,2421.1,1.472,5.79,194.5,3.076
Cu2Se,Telluride-other,0.228,211.5,47566,0.86,1.542,3.11,119.28,944.8,1.505,3.12,93.2,3.53
ZrCoSb,Half-Heusler,1.137,306.8,211169,4.31,2.868,1.5,193.87,1017.1,2.111,2.71,136.2,4.852
Ce0.1Co4Sb12,Skutterudite,0.181,301.6,28807,2.17,0.627,2.83,178.44,1293.1,1.321,6.95,128.3,1.855
ZnO,Oxide,1.83,382.9,644,9.4,0.008,0.3,142.89,1725.0,2.027,3.26,148.9,3.204
AgPbmSbTe2+m,Other,0.122,84.3,28377,3.62,0.031,0.64,145.93,1278.4,1.29,2.56,164.2,1.527
Cu2Se,Telluride-other,0.357,224.4,61827,2.2,0.761,2.28,99.6,1659.6,2.085,3.82,134.4,3.607
Bi2Te2Se,Bi-chalcogenide,0.238,193.9,64305,1.12,1.348,2.71,50.89,610.8,1.524,5.27,137.8,2.395
Ba8Ga16Ge30,Clathrate,0.031,187.3,38020,1.71,0.546,1.17,9.57,1255.1,1.547,4.56,139.5,3.226
ZrNiSn,Half-Heusler,0.739,123.4,264673,6.2,0.356,1.02,86.64,1358.2,1.819,1.9,134.6,4.09
GeTe,Telluride-other,0.278,187.1,62903,1.45,0.833,2.72,93.26,907.3,1.776,4.37,141.2,3.119
CoGe1.5S1.5,Skutterudite,0.073,161.2,83265,2.47,0.567,4.35,96.29,1080.2,1.376,4.06,59.4,3.789
La3Te4,Other,0.01,52.7,18435,5.72,0.004,0.55,204.04,751.4,1.529,2.52,123.1,2.727
TiNiSn,Half-Heusler,0.31,160.7,266561,3.19,1.153,0.8,121.23,1019.4,1.434,3.81,158.6,3.777
ZnO,Oxide,2.115,308.9,1152,8.38,0.007,0.47,192.06,1698.0,1.926,5.29,163.8,2.667
SrTiO3,Oxide,1.918,383.6,1043,8.03,0.011,0.9,151.57,1559.0,1.795,2.97,189.6,3.409
Bi0.5Sb1.5Te3,Bi-chalcogenide,0.047,168.1,70549,1.28,0.915,1.9,107.58,696.0,1.901,6.26,195.7,2.013
ZrCoSb,Half-Heusler,0.859,261.2,196064,5.67,1.867,1.19,102.09,1420.9,1.929,3.87,194.9,3.481
Mo3Si,Silicide,0.294,228.6,26714,4.19,0.229,0.9,65.09,1437.2,1.572,3.98,107.3,3.077
InSb,Antimonide,0.11,125.5,60964,4.11,0.141,1.38,168.21,967.3,1.875,3.54,130.9,3.442
IrSb3,Skutterudite,0.152,204.5,67403,3.09,0.529,4.09,123.73,1186.2,1.582,5.53,124.3,3.516
In4Sn3O12,Oxide,2.002,396.4,1458,12.34,0.013,0.35,199.3,1691.5,2.396,4.8,157.7,4.453
Cr3Si,Silicide,0.307,203.3,46307,4.88,0.251,0.75,46.53,1545.9,1.497,1.19,150.5,3.441
Ba8Al16Si30,Clathrate,0.044,141.8,58314,0.96,0.838,1.39,72.99,870.3,1.345,3.74,130.8,2.624
Bi2Te3,Bi-chalcogenide,0.208,121.0,80740,1.17,0.746,3.3,15.24,567.0,1.012,2.61,118.8,3.161
MnSi1.73,Silicide,0.55,323.3,28802,3.87,0.401,0.61,129.59,1182.3,1.599,2.64,134.3,4.814
CoGe1.5S1.5,Skutterudite,0.156,131.6,60800,1.73,0.26,2.71,13.46,821.0,1.527,5.07,176.0,3.901
Ba8Al16Si30,Clathrate,0.069,119.1,31222,1.94,0.137,1.84,124.46,1307.0,1.805,4.68,107.9,2.665
Ca2Co2O5,Oxide,1.877,404.9,1192,4.35,0.027,0.43,163.92,1255.7,2.236,5.96,126.6,2.809
ZnO,Oxide,2.012,277.9,664,4.73,0.007,0.44,195.76,1483.0,2.062,3.6,175.4,1.92
MnSi1.73,Silicide,0.757,223.2,30294,3.55,0.233,0.68,106.15,1410.7,1.378,2.23,153.8,3.133
Tl2SnTe5,Other,0.561,234.0,26597,5.18,0.163,0.69,70.4,1436.3,1.622,5.36,206.0,2.565
ZrCoSb,Half-Heusler,0.885,219.5,237821,6.15,1.216,1.06,199.78,2280.1,1.872,6.52,153.5,3.554
Bi2Te2.7Se0.3,Bi-chalcogenide,0.139,291.4,69909,1.02,3.0,1.88,126.99,909.2,1.723,3.46,231.4,1.575
CoSb3,Skutterudite,0.163,187.1,58074,3.58,0.416,3.24,59.39,1494.2,1.556,4.88,142.0,2.365
SrTiO3,Oxide,1.982,289.8,156,8.33,0.001,0.43,93.4,1620.3,1.554,0.76,133.9,2.824
In4Sn3O12,Oxide,1.289,234.9,917,3.83,0.006,0.59,80.06,905.3,1.627,3.33,143.3,4.083
La3Te4,Other,0.359,175.8,17946,8.82,0.047,0.69,87.57,1780.0,1.574,2.82,144.9,2.926
Ca2Co2O5,Oxide,1.616,226.9,379,5.43,0.002,0.33,131.85,1057.0,1.717,6.5,119.7,1.716
PbTe,Pb-chalcogenide,0.254,247.4,67670,1.51,1.854,2.07,129.38,937.6,1.744,2.39,146.6,3.2
IrSb3,Skutterudite,0.152,142.5,75920,1.66,0.534,3.8,129.2,991.3,1.513,2.69,146.1,3.893
Tl2SnTe5,Other,0.698,204.6,22322,1.93,0.271,0.64,150.05,1133.1,1.6,5.08,145.5,1.772
Eu8Ga16Ge30,Clathrate,0.075,138.2,40578,1.3,0.369,2.14,138.71,346.3,1.329,5.6,148.3,3.361
Mo3Si,Silicide,0.502,195.4,38418,4.36,0.175,0.96,89.56,1598.3,1.619,2.54,145.1,3.042
ZnO,Oxide,1.707,61.4,500,3.72,0.0,0.37,134.23,952.7,1.786,2.68,146.6,2.744
IrSb3,Skutterudite,0.102,219.2,46972,2.39,0.48,3.6,121.15,568.9,1.644,3.23,125.0,4.184
Fe3Si,Silicide,0.666,269.4,27229,6.29,0.192,1.16,154.41,1346.5,1.75,2.84,117.3,4.312
FeSb2,Skutterudite,0.129,138.1,82261,2.29,0.452,3.83,71.4,953.5,1.533,4.93,161.5,3.158
ZnSb,Antimonide,0.185,178.9,39117,4.3,0.224,1.77,134.97,1544.3,1.487,5.0,177.3,3.412
Sr8Ga16Ge30,Clathrate,0.127,152.7,47598,2.08,0.339,2.05,95.26,1467.9,1.585,5.73,102.0,3.053
Bi2Se3,Bi-chalcogenide,0.153,196.7,113111,0.68,3.0,2.72,76.31,754.0,1.458,3.0,122.2,5.114
HfNiSn,Half-Heusler,1.08,186.8,132758,6.58,0.544,0.9,182.67,1652.9,1.752,3.82,146.1,2.622
Pb0.98Na0.02Te,Pb-chalcogenide,0.275,166.4,49980,2.01,0.368,1.89,115.0,1361.3,1.695,5.17,173.8,4.021
Cu2Te,Telluride-other,0.207,144.7,76408,0.95,0.875,1.91,80.24,925.7,1.509,3.06,177.7,3.461
Eu8Ga16Ge30,Clathrate,0.057,167.4,53223,2.21,0.374,2.61,63.56,1344.0,1.525,3.86,99.5,3.942
PbSe,Pb-chalcogenide,0.288,218.6,83159,2.25,1.045,1.49,122.43,284.2,1.402,3.91,160.6,3.279
HfNiSn,Half-Heusler,0.85,232.3,313854,5.87,2.345,1.28,91.21,1267.8,1.794,4.23,171.1,3.678
ZrCoSb,Half-Heusler,1.15,238.4,146261,3.52,1.345,1.33,187.87,1142.9,2.111,6.02,129.3,2.389
Ca2Co2O5,Oxide,1.963,279.7,823,4.23,0.011,0.38,151.62,524.2,1.806,3.52,166.7,4.053
Cu2ZnSnS4,Other,0.615,139.7,16252,5.47,0.032,0.91,68.11,995.5,2.14,5.85,122.7,3.023
TiCoSb,Half-Heusler,1.009,255.2,130322,3.55,1.544,1.15,160.11,1633.7,1.827,7.24,137.7,1.095
Fe3Si,Silicide,0.598,138.0,33566,4.76,0.089,0.73,116.03,1942.6,1.083,2.5,165.5,1.118
Ag2Te,Telluride-other,0.295,151.3,54417,1.02,0.794,2.92,59.99,884.5,1.687,1.41,146.4,4.177
In2Se3,Other,0.968,80.0,14635,8.84,0.007,0.75,85.99,1088.1,1.721,2.88,121.0,2.043
Bi2Te3,Bi-chalcogenide,0.096,202.2,80629,0.69,2.585,2.25,112.21,1319.7,1.516,6.64,143.4,2.528
SrTiO3,Oxide,1.761,320.9,457,8.23,0.004,0.44,184.68,1605.7,2.249,6.14,198.5,5.387
PbS,Pb-chalcogenide,0.357,211.8,121560,2.88,1.316,2.11,134.27,1330.6,1.951,3.09,152.1,2.23
Bi2Te2Se,Bi-chalcogenide,0.225,254.3,91135,1.35,2.358,2.51,128.63,1321.4,1.554,3.47,211.2,3.956
ZnSb,Antimonide,0.095,107.5,49041,4.3,0.085,1.78,96.05,1285.2,1.628,4.63,147.9,3.271
InSb,Antimonide,0.158,110.0,49726,5.91,0.052,1.63,97.86,1482.1,1.202,2.53,111.8,2.164
MnSi1.73,Silicide,0.547,199.2,33756,2.05,0.398,1.1,122.03,892.4,1.335,3.66,150.2,2.458
In4Sn3O12,Oxide,0.616,487.3,1281,4.61,0.033,0.5,172.77,1324.5,1.45,4.74,110.1,2.667
La3Te4,Other,0.01,139.1,11050,5.68,0.025,0.87,114.32,1999.4,1.142,3.87,164.7,4.139
TiNiSn,Half-Heusler,0.738,392.9,249213,6.04,3.0,1.55,162.21,1686.9,1.995,3.82,156.7,2.167
ZrNiSn,Half-Heusler,0.827,252.2,189941,2.64,3.0,0.76,130.74,592.3,2.004,3.65,132.5,2.853
GaSb,Antimonide,0.16,185.2,66275,7.3,0.208,1.4,125.19,1859.7,1.81,2.8,151.8,3.021
HfNiSn,Half-Heusler,1.355,260.6,182151,4.84,1.339,0.91,119.05,1039.3,2.038,3.05,136.7,1.235
Ag2Te,Telluride-other,0.364,108.4,45779,2.47,0.138,1.66,93.62,675.4,1.544,2.36,165.6,4.187
PbTe0.7Se0.3,Pb-chalcogenide,0.375,262.8,61811,2.45,1.249,1.29,117.6,1404.3,1.309,4.02,189.8,3.74
ZnO,Oxide,0.875,237.3,373,10.33,0.001,0.23,142.38,1543.5,1.393,4.28,115.6,1.654
GaSb,Antimonide,0.097,268.3,44708,5.8,0.339,2.67,200.5,1412.5,1.249,4.96,77.1,2.675
In4Sn3O12,Oxide,0.841,294.8,1093,12.6,0.004,0.27,174.33,2265.7,1.749,4.85,107.2,3.672
FeSb2,Skutterudite,0.156,163.6,69846,2.26,0.437,2.92,111.36,1203.3,1.641,4.34,166.9,3.715
TiNiSn,Half-Heusler,0.59,171.8,194802,6.52,0.401,1.57,192.14,1155.8,1.782,5.35,153.9,3.275
ZrNiSn,Half-Heusler,1.032,295.3,176089,7.31,1.68,1.25,163.32,1760.6,1.749,2.23,158.9,2.532
Bi2Se3,Bi-chalcogenide,0.124,248.7,90165,0.7,3.0,2.09,144.6,614.9,1.628,4.03,149.1,4.471
Bi0.5Sb1.5Te3,Bi-chalcogenide,0.158,134.8,69232,0.91,0.925,3.25,155.45,564.0,1.536,4.95,118.0,4.935
ZnO:Al,Oxide,0.726,178.8,935,5.58,0.003,0.46,235.87,1229.5,1.596,4.07,140.4,5.136
Mo3Si,Silicide,0.542,148.1,38284,4.42,0.092,0.74,142.64,1045.2,1.413,4.0,120.5,3.375
Sr8Ga16Ge30,Clathrate,0.027,171.2,52955,0.71,1.347,1.43,66.52,1221.3,1.588,3.6,170.6,3.977
SrTiO3,Oxide,1.458,382.5,1329,6.47,0.016,0.38,114.47,1095.2,1.793,3.25,154.5,3.3
Tl2SnTe5,Other,0.149,85.9,20504,3.05,0.026,0.27,81.29,1163.0,1.198,5.76,157.8,2.012
FeSb2,Skutterudite,0.07,163.1,72724,2.23,0.525,3.52,153.04,1038.6,1.306,5.09,121.7,2.83
Sr8Ga16Ge30,Clathrate,0.051,203.0,58447,1.26,1.166,2.39,130.59,1103.1,1.225,2.9,124.1,2.113
Eu8Ga16Ge30,Clathrate,0.028,138.6,41389,1.87,0.248,1.75,117.59,1339.7,1.009,4.29,126.2,1.987
MnSi1.73,Silicide,0.297,237.8,22298,6.29,0.107,0.62,93.37,1118.6,1.229,4.15,165.2,1.629
Fe3Si,Silicide,0.635,188.5,37645,4.54,0.152,1.18,64.75,1640.9,1.531,6.13,129.8,1.777
Sr8Ga16Ge30,Clathrate,0.105,159.5,53848,1.07,0.769,1.87,89.37,1150.6,1.744,1.55,159.8,2.313
Mo3Si,Silicide,0.248,221.7,44658,3.55,0.446,0.98,73.6,1024.3,1.283,3.82,180.4,3.832
SnTe,Telluride-other,0.067,139.6,47937,1.48,0.298,2.11,113.6,1146.4,1.371,5.08,131.8,2.414
SrTiO3,Oxide,1.766,267.1,1953,12.67,0.006,0.72,148.95,1496.4,2.267,5.62,164.8,1.799
CoGe1.5S1.5,Skutterudite,0.095,135.4,68219,3.1,0.236,2.47,55.53,742.2,1.278,6.79,157.0,4.366
ZnO:Al,Oxide,1.266,365.0,1157,6.87,0.013,0.37,189.98,1288.7,2.01,2.95,156.0,2.754
Ba8Al16Si30,Clathrate,0.062,215.7,20457,1.48,0.353,1.61,97.31,1056.5,1.739,2.89,165.3,3.072
SnTe,Telluride-other,0.284,212.4,75048,1.56,1.739,2.47,87.66,581.2,1.685,7.24,152.8,4.739
SrTiO3,Oxide,1.923,289.7,468,10.01,0.002,0.33,194.52,1613.7,2.234,6.08,216.5,2.684
Zn4Sb3,Antimonide,0.199,96.4,64545,5.23,0.059,1.22,151.56,1391.2,1.512,3.21,76.7,2.322
ZnO:Al,Oxide,2.357,243.1,708,10.8,0.002,0.75,206.52,1473.7,2.133,5.64,158.7,3.321
PbTe0.7Se0.3,Pb-chalcogenide,0.202,271.9,56618,0.3,3.0,2.36,84.33,775.1,1.35,1.95,77.9,1.359
ZnO,Oxide,2.237,134.3,1365,14.23,0.001,0.24,137.29,2408.1,1.892,4.61,146.7,2.351
SrTiO3,Oxide,1.864,371.8,577,9.36,0.005,0.23,207.31,1994.3,2.005,3.06,110.4,4.902
HfNiSn,Half-Heusler,1.112,185.5,244904,4.37,0.817,1.46,116.55,1065.2,1.921,5.26,184.6,2.178
Bi2Te2Se,Bi-chalcogenide,0.127,218.5,105032,0.64,3.0,1.51,101.55,1426.5,1.408,1.54,140.4,2.551
Mo3Si,Silicide,0.715,335.7,25718,5.15,0.344,1.14,191.77,1572.6,1.473,1.6,113.5,3.99
Cu2ZnSnS4,Other,0.406,105.9,25413,6.28,0.032,0.77,108.03,2013.2,1.751,3.7,153.2,1.368
GeTe,Telluride-other,0.254,167.2,34725,2.08,0.286,2.89,133.98,1539.8,1.67,3.75,151.5,3.649
In4Sn3O12,Oxide,1.904,234.8,1916,9.96,0.007,0.74,152.25,1879.4,2.141,5.1,129.6,1.987
Sr8Ga16Ge30,Clathrate,0.031,130.2,29938,1.7,0.21,0.9,126.21,950.5,1.982,4.64,114.5,2.168
Ca2Co2O5,Oxide,1.452,266.5,1059,11.03,0.005,0.43,129.84,1703.1,1.936,3.05,173.5,3.579
SnTe,Telluride-other,0.346,222.0,46764,2.14,0.584,2.22,112.44,1410.5,1.18,3.88,151.2,2.902
TiCoSb,Half-Heusler,0.971,268.5,191941,5.71,1.553,1.9,56.13,1497.9,1.489,4.7,181.0,4.376
Zn4Sb3,Antimonide,0.289,159.6,27286,4.13,0.087,2.1,182.49,937.3,1.558,3.79,176.9,3.224
Eu8Ga16Ge30,Clathrate,0.068,236.9,63234,0.6,3.0,2.0,145.87,876.1,1.277,3.39,217.2,2.408
Ba8Al16Si30,Clathrate,0.01,198.6,44441,0.85,1.351,2.04,41.76,1291.2,1.149,1.78,105.8,5.063
ZrNiSn,Half-Heusler,0.83,225.6,326340,2.25,3.0,1.46,92.31,589.1,1.735,3.67,137.3,3.309
SrTiO3,Oxide,1.871,241.9,1105,2.95,0.013,0.64,166.21,1269.3,1.73,3.82,170.8,3.826
Tl2SnTe5,Other,0.707,138.8,23451,6.59,0.043,0.98,16.68,1491.5,2.21,2.33,188.8,3.347
Ba8Al16Si30,Clathrate,0.031,178.9,44951,0.82,1.198,2.65,32.07,385.3,1.777,3.76,150.5,4.538
Bi2Te2.7Se0.3,Bi-chalcogenide,0.097,253.8,77060,1.33,1.884,2.28,123.68,446.7,1.771,4.79,155.0,2.257
Bi2Te3,Bi-chalcogenide,0.169,187.1,74385,1.06,1.561,1.91,127.14,978.5,1.548,5.32,169.8,3.161
SrTiO3,Oxide,1.539,319.1,1919,7.07,0.016,0.5,119.42,1231.8,2.004,0.45,143.7,1.407
PbS,Pb-chalcogenide,0.394,86.9,52766,2.2,0.136,1.44,133.16,1069.4,1.591,4.79,179.4,3.274
ZrCoSb,Half-Heusler,0.414,267.8,283755,2.13,3.0,1.4,163.53,1172.6,1.383,3.37,180.5,1.6
In2Se3,Other,0.523,118.6,7242,5.9,0.009,1.6,136.13,1369.8,1.603,1.32,186.8,2.096
Eu8Ga16Ge30,Clathrate,0.036,196.0,50714,0.67,1.881,1.87,41.62,952.7,1.168,5.92,165.2,4.496
SrTiO3,Oxide,1.634,340.8,130,10.82,0.001,0.41,208.76,2506.3,1.794,1.92,132.6,3.668
Bi0.5Sb1.5Te3,Bi-chalcogenide,0.158,213.9,90256,1.21,1.686,2.0,115.42,332.4,1.544,3.25,109.5,3.658
CdSb,Antimonide,0.159,157.2,43709,3.99,0.186,1.36,81.49,1307.2,1.461,1.75,167.2,2.305
Ce0.1Co4Sb12,Skutterudite,0.084,150.9,29262,1.87,0.228,5.64,90.08,635.9,1.49,4.14,175.4,1.888
Cu2ZnSnS4,Other,1.147,170.7,100,2.76,0.0,1.25,170.3,470.1,1.973,4.84,160.0,1.935
PbSe,Pb-chalcogenide,0.288,177.9,61460,2.75,0.37,1.76,122.02,1664.7,1.5,6.54,104.6,1.573
Zn4Sb3,Antimonide,0.148,210.8,20684,10.9,0.043,2.38,89.04,1966.5,1.37,3.56,106.2,4.83
CdSb,Antimonide,0.155,130.0,39232,6.42,0.068,2.15,122.9,1269.2,1.441,3.49,194.0,5.288
ZnSb,Antimonide,0.091,101.7,23656,5.38,0.034,1.79,95.5,1417.2,1.501,1.76,143.6,2.518
ZrNiSn,Half-Heusler,0.52,299.6,210786,0.84,3.0,1.1,134.43,892.0,1.601,4.93,173.0,3.058
IrSb3,Skutterudite,0.093,256.2,89909,2.93,1.344,4.09,100.46,731.2,1.383,4.09,109.8,2.931
In4Sn3O12,Oxide,1.204,340.9,351,2.82,0.007,0.79,72.7,1085.4,1.975,2.93,170.5,3.052
Pb0.98Na0.02Te,Pb-chalcogenide,0.127,109.1,45918,1.15,0.241,1.85,112.1,829.8,1.416,3.11,149.5,3.278
Cu2Te,Telluride-other,0.326,234.7,58345,2.35,0.711,2.22,148.6,1613.9,1.582,3.62,134.3,2.014
ZnO,Oxide,2.201,392.2,731,6.28,0.012,0.56,227.85,1140.8,2.128,2.86,87.5,1.716
MnSi1.73,Silicide,0.508,199.7,27416,5.67,0.14,0.92,151.51,1666.5,1.719,2.07,128.3,2.608
Zn4Sb3,Antimonide,0.143,213.3,34442,6.8,0.104,1.65,97.63,1271.9,1.182,2.07,120.5,4.944
Ag2Te,Telluride-other,0.318,194.4,53998,1.19,1.127,2.59,119.12,623.2,1.679,5.62,141.8,2.545
ZnSb,Antimonide,0.111,65.7,40823,6.22,0.02,1.83,130.15,1580.8,1.55,3.1,131.0,2.802
ZrNiSn,Half-Heusler,0.785,184.2,174044,4.43,0.839,0.72,96.53,1646.8,1.576,3.59,143.7,2.672
MnSi1.73,Silicide,0.449,264.7,26830,6.23,0.294,0.77,77.0,1437.3,1.882,3.92,168.9,3.001
CoGe1.5S1.5,Skutterudite,0.094,209.6,35519,3.09,0.328,1.71,91.31,848.8,1.463,5.89,165.9,4.098
ZrCoSb,Half-Heusler,0.701,276.0,206120,5.51,1.718,0.83,126.0,1260.9,1.459,4.0,184.0,2.538
Ca2Co2O5,Oxide,1.917,307.2,1074,8.55,0.008,0.38,120.17,1942.2,2.058,5.15,164.4,3.772
ZnO,Oxide,1.642,257.4,1145,11.0,0.004,0.52,170.3,2044.3,2.003,6.18,155.5,3.26
TiCoSb,Half-Heusler,0.81,278.5,179036,4.93,1.433,0.87,219.25,1043.3,1.75,3.61,130.5,3.947
Sr8Ga16Ge30,Clathrate,0.053,257.2,39582,0.8,2.092,1.37,54.69,746.7,1.104,4.38,178.8,2.964
ZrCoSb,Half-Heusler,0.611,219.6,264349,7.92,1.148,1.01,129.01,1844.5,1.604,3.27,150.1,3.77
PbTe0.7Se0.3,Pb-chalcogenide,0.334,180.3,89568,1.87,0.902,1.71,146.05,820.0,1.25,3.82,181.4,1.737
Bi2Te3,Bi-chalcogenide,0.2,191.3,125639,0.98,3.0,2.28,67.12,853.6,1.583,5.81,184.1,3.612
PbSe,Pb-chalcogenide,0.247,74.3,76882,3.18,0.076,2.06,85.31,1243.7,1.85,4.14,173.0,2.393
In4Sn3O12,Oxide,1.095,193.1,1331,5.76,0.007,0.56,139.23,1931.6,1.594,3.29,141.1,4.295
ZnO:Al,Oxide,1.716,217.9,1385,7.63,0.005,0.31,126.82,1517.8,2.148,4.18,165.1,2.09
Ba8Ga16Ge30,Clathrate,0.024,216.1,33468,1.5,0.677,2.54,148.99,366.1,1.463,2.19,133.3,3.792
SnTe,Telluride-other,0.278,177.0,95571,1.34,1.504,2.38,48.33,901.6,1.917,2.59,119.5,2.847
Bi2Se3,Bi-chalcogenide,0.193,241.9,60516,0.81,2.142,2.68,86.48,835.1,1.852,3.6,64.8,1.879
PbS,Pb-chalcogenide,0.314,173.5,50460,1.46,0.607,2.11,98.47,820.5,1.666,4.92,157.1,1.302
FeSb2,Skutterudite,0.088,166.6,65445,2.77,0.519,2.65,63.33,1347.3,1.327,5.96,153.2,2.479
In2Se3,Other,0.129,49.6,11836,7.34,0.002,1.37,113.52,1811.4,1.433,3.22,201.0,3.369
Bi2Te3,Bi-chalcogenide,0.079,270.7,94520,0.8,3.0,1.88,16.76,745.9,1.181,3.55,120.8,3.792
GeTe,Telluride-other,0.265,172.6,47761,3.05,0.32,1.78,123.45,1567.5,1.44,5.98,121.0,3.05
Cu2Se,Telluride-other,0.19,205.7,50564,2.24,0.436,3.48,99.67,905.8,1.164,5.54,132.9,3.264
La3Te4,Other,0.035,142.3,10281,9.79,0.014,1.25,134.06,2483.0,1.812,5.21,176.9,3.842
Mo3Si,Silicide,0.793,181.4,15116,4.77,0.053,0.66,166.45,1413.7,1.879,4.2,155.6,1.25
ZrNiSn,Half-Heusler,0.552,227.0,158628,6.58,0.775,1.23,189.08,969.3,1.754,7.05,165.3,2.514
AgPbmSbTe2+m,Other,1.011,152.0,28305,4.44,0.083,1.4,178.52,1068.3,1.636,2.55,130.3,2.96
Zn4Sb3,Antimonide,0.376,70.3,44787,3.69,0.036,2.53,110.57,996.5,1.384,0.41,130.3,3.94
ZnO:Al,Oxide,1.779,311.6,1430,12.22,0.007,0.21,200.21,1897.8,1.968,2.22,146.9,3.081
In2Se3,Other,0.669,184.8,19586,8.31,0.05,1.47,186.21,1559.3,2.01,4.28,114.9,2.379
SnTe,Telluride-other,0.166,259.0,42044,1.99,0.795,2.13,139.35,626.3,1.394,3.99,146.7,3.447
TiCoSb,Half-Heusler,0.832,219.7,167728,5.43,0.73,1.18,147.48,1422.5,1.621,2.32,178.5,2.647
CoGe1.5S1.5,Skutterudite,0.057,189.7,41519,2.59,0.297,4.24,128.64,1634.7,1.411,4.99,123.6,4.0
Pb0.98Na0.02Te,Pb-chalcogenide,0.348,276.7,81976,1.95,2.216,1.73,74.8,793.6,1.609,4.98,128.8,2.77
ZnSb,Antimonide,0.345,126.7,45651,2.68,0.213,1.56,156.59,1588.6,1.69,5.56,166.7,4.784
Sr8Ga16Ge30,Clathrate,0.01,223.8,34100,1.61,0.659,2.3,134.54,970.8,1.176,3.8,110.4,3.564
AgPbmSbTe2+m,Other,0.632,224.1,18772,5.0,0.128,0.85,161.97,1521.1,1.483,1.86,159.9,3.053
In4Sn3O12,Oxide,2.197,276.2,1043,8.03,0.007,0.64,227.95,1019.8,1.777,1.49,169.7,2.561
Pb0.98Na0.02Te,Pb-chalcogenide,0.176,144.0,69439,0.99,0.711,2.57,43.6,629.9,1.25,1.06,104.6,3.999
In2Se3,Other,0.853,248.4,34363,8.07,0.119,1.24,198.62,1307.5,1.673,4.89,171.0,4.638
Eu8Ga16Ge30,Clathrate,0.088,171.9,28900,1.27,0.4,3.04,25.19,1041.8,1.699,2.5,216.4,1.979
MnSi1.73,Silicide,0.469,273.6,40144,2.67,0.508,0.51,177.28,980.9,1.364,4.83,202.4,1.967
HfNiSn,Half-Heusler,0.626,255.7,271819,5.79,1.768,1.68,88.72,1516.6,1.853,0.96,129.7,4.222
ZrCoSb,Half-Heusler,0.842,343.5,144150,4.85,1.686,1.26,88.99,1132.5,1.699,4.32,189.6,2.093
Ca2Co2O5,Oxide,2.138,162.6,664,8.92,0.001,0.7,170.83,1681.4,1.904,5.82,156.9,2.968
ZrNiSn,Half-Heusler,0.103,262.6,180285,8.24,0.809,0.82,88.38,1702.9,1.558,6.51,110.7,4.22
MnSi1.73,Silicide,0.664,142.5,9030,5.86,0.02,1.0,104.45,1428.3,1.888,4.05,209.8,2.11
In4Sn3O12,Oxide,1.646,269.6,1355,4.96,0.011,0.34,176.67,1239.1,1.539,2.99,132.4,3.325
FeSb2,Skutterudite,0.214,176.3,26950,1.75,0.242,2.65,115.92,707.3,1.349,1.93,132.0,3.585
TiNiSn,Half-Heusler,0.851,208.1,198871,5.06,1.029,1.23,142.47,1161.3,1.605,4.02,178.0,1.599
Mg2Si,Silicide,0.285,157.5,23834,4.69,0.118,1.11,102.33,1078.5,1.707,3.38,116.0,4.445
IrSb3,Skutterudite,0.142,334.1,12404,2.15,0.416,3.84,6.8,1154.6,1.016,4.34,130.6,4.536
PbS,Pb-chalcogenide,0.371,155.4,60563,2.25,0.291,2.0,121.92,858.1,1.494,4.09,146.7,1.936
FeSb2,Skutterudite,0.101,121.1,84122,1.64,0.458,3.17,96.61,635.6,1.503,6.0,174.7,2.917
Bi2Te2.7Se0.3,Bi-chalcogenide,0.132,266.8,91045,0.79,3.0,2.0,84.02,488.1,1.685,4.03,108.4,4.921
SnTe,Telluride-other,0.01,146.9,29616,1.23,0.32,2.65,60.33,1340.0,1.491,4.66,142.7,3.607
SrTiO3,Oxide,1.492,223.4,600,4.64,0.005,0.59,130.32,1011.3,1.852,1.87,120.5,2.881
PbS,Pb-chalcogenide,0.411,126.4,84002,1.8,0.528,2.09,167.64,530.6,1.852,1.07,137.8,3.487
Ba8Ga16Ge30,Clathrate,0.022,137.2,61034,0.78,1.056,2.2,148.32,963.3,1.262,4.96,178.3,1.366
In2Se3,Other,0.01,70.9,25085,5.06,0.018,1.32,135.12,1507.4,1.566,3.15,131.1,5.399
Cu2ZnSnS4,Other,0.246,142.8,28526,7.81,0.047,0.58,26.93,1442.6,1.222,4.9,130.6,2.93
MnSi1.73,Silicide,0.554,306.3,27293,5.0,0.299,0.8,120.79,864.5,1.719,3.27,140.6,2.12
Bi0.5Sb1.5Te3,Bi-chalcogenide,0.169,174.4,46065,1.35,0.597,2.85,132.58,1011.4,1.076,0.98,188.6,2.958
Cr3Si,Silicide,0.663,110.6,32972,4.4,0.056,0.47,157.67,1141.4,1.264,3.43,203.2,1.283
TiNiSn,Half-Heusler,1.041,234.6,235836,4.88,1.701,1.44,121.27,729.7,1.649,2.98,108.5,2.876
ZrNiSn,Half-Heusler,0.586,161.1,250867,2.47,1.306,1.14,155.32,1296.9,1.723,4.25,160.8,1.794
SrTiO3,Oxide,0.99,345.5,792,2.37,0.023,0.77,181.82,1366.4,1.892,5.1,141.6,3.451
Cu2Se,Telluride-other,0.189,193.3,51023,1.26,0.902,2.41,138.54,934.1,1.406,6.9,109.1,3.343
Pb0.98Na0.02Te,Pb-chalcogenide,0.217,182.7,79668,2.37,0.684,1.53,69.2,895.1,1.975,5.66,192.3,1.931
TiNiSn,Half-Heusler,0.296,208.6,171418,3.73,1.145,1.39,116.43,1000.2,1.17,4.17,154.8,2.402
InSb,Antimonide,0.107,165.4,34859,6.71,0.096,1.35,66.99,1117.8,1.663,4.98,162.2,1.194
SrTiO3,Oxide,1.325,326.9,1126,4.09,0.017,0.25,113.61,1210.1,1.754,2.88,120.3,3.927
HfNiSn,Half-Heusler,0.654,248.8,122020,3.83,1.118,0.94,73.83,1323.9,1.533,5.4,148.3,2.593
Bi2Te2Se,Bi-chalcogenide,0.101,214.8,60566,0.96,1.451,2.81,54.57,782.9,1.463,2.61,108.9,3.621
PbTe0.7Se0.3,Pb-chalcogenide,0.304,209.5,100502,1.97,1.196,1.78,116.81,710.6,1.547,5.28,126.3,1.508
ZnO,Oxide,0.535,156.0,1004,11.74,0.001,0.49,119.7,2214.0,1.844,5.05,174.4,3.991
AgPbmSbTe2+m,Other,0.353,111.0,100,8.82,0.0,1.03,70.4,1794.7,1.411,4.35,154.2,2.136
Bi0.5Sb1.5Te3,Bi-chalcogenide,0.169,303.7,119256,0.88,3.0,2.71,122.39,713.9,1.372,3.93,116.9,3.13
Cr3Si,Silicide,0.363,199.1,24641,4.7,0.143,0.64,135.0,1378.8,1.46,4.28,127.6,2.277
Mo3Si,Silicide,0.372,89.4,30593,3.21,0.041,0.9,109.87,985.6,1.65,6.1,155.4,3.741
PbTe,Pb-chalcogenide,0.44,181.2,55775,1.61,0.596,1.44,174.7,1355.2,1.787,5.42,148.5,1.604
Bi2Se3,Bi-chalcogenide,0.179,240.9,75592,0.85,3.0,2.67,146.26,332.5,1.91,1.99,157.1,1.803
In4Sn3O12,Oxide,2.004,250.3,527,12.8,0.002,0.33,187.01,2535.4,1.514,5.85,148.3,3.339
ZrCoSb,Half-Heusler,0.791,256.1,184213,5.61,1.161,1.41,127.09,1201.2,1.37,3.23,149.0,3.793
In2Se3,Other,0.57,197.1,19352,5.33,0.08,1.51,99.67,1325.4,1.373,4.61,172.8,4.128
CoSb3,Skutterudite,0.108,90.3,54417,2.52,0.088,4.02,97.35,1503.4,1.579,6.77,90.7,0.598
SrTiO3,Oxide,1.518,254.4,479,6.49,0.003,0.53,156.45,1689.8,1.977,3.69,119.0,3.619
HfNiSn,Half-Heusler,1.272,262.4,143088,2.55,2.655,0.74,68.41,1184.0,1.592,5.36,138.4,3.545
ZnO:Al,Oxide,1.215,357.8,366,7.32,0.004,0.78,214.72,1662.3,1.979,3.38,193.0,2.973
ZnSb,Antimonide,0.084,110.6,41703,7.11,0.053,1.77,132.74,2081.3,1.446,3.66,181.9,2.856
InSb,Antimonide,0.24,164.2,22506,7.17,0.058,1.67,92.93,1743.1,1.401,5.15,194.8,3.395
Sr8Ga16Ge30,Clathrate,0.014,145.4,38365,0.76,0.629,1.98,92.52,831.8,1.351,6.11,111.5,2.349
PbS,Pb-chalcogenide,0.28,243.2,45119,1.53,1.166,2.41,94.07,1190.8,1.384,2.85,230.0,3.324
Ba8Al16Si30,Clathrate,0.01,157.1,60088,1.45,0.479,1.34,166.29,642.6,1.466,5.58,149.7,3.174
Bi2Te2.7Se0.3,Bi-chalcogenide,0.152,143.1,29934,1.42,0.249,3.12,79.2,1477.3,1.558,4.83,184.6,2.051
ZnO,Oxide,1.792,293.1,893,3.5,0.014,0.66,150.82,1251.0,1.864,5.49,147.9,4.189
SrTiO3,Oxide,1.452,292.7,1834,5.51,0.017,0.27,117.37,1250.3,2.226,3.32,131.0,1.852
In4Sn3O12,Oxide,1.508,168.3,940,13.2,0.002,0.62,118.85,1535.5,1.683,6.18,171.0,3.721
FeSb2,Skutterudite,0.133,206.4,44873,1.81,0.664,4.09,177.24,1319.4,1.971,1.99,79.1,2.567
Sr8Ga16Ge30,Clathrate,0.01,205.7,36085,0.87,1.113,2.19,73.11,823.7,1.466,2.26,128.0,1.696
PbTe,Pb-chalcogenide,0.261,149.2,79723,2.07,0.421,1.66,150.98,1071.0,1.983,3.25,167.7,3.6
SrTiO3,Oxide,1.892,242.4,1399,2.72,0.018,0.78,129.73,1294.2,2.163,2.73,148.0,2.058
Ba8Ga16Ge30,Clathrate,0.039,110.5,57688,1.71,0.22,1.84,27.06,610.1,1.783,3.92,95.9,1.109
ZnO:Al,Oxide,1.032,281.8,1233,7.9,0.011,0.33,145.49,1192.1,1.912,3.98,156.3,4.306
Cu2Te,Telluride-other,0.324,208.0,65555,1.59,1.006,2.0,155.08,562.0,1.21,2.58,170.2,3.51
Mg2Si,Silicide,0.86,141.0,29678,5.74,0.063,0.71,120.63,1654.1,1.665,3.15,170.0,3.025
SrTiO3,Oxide,2.0,244.8,1167,10.77,0.005,0.32,170.48,2238.2,1.893,1.48,157.5,2.475
Tl2SnTe5,Other,0.593,116.7,14339,6.15,0.021,1.24,102.38,1151.0,2.003,3.11,189.2,2.041
ZnO:Al,Oxide,1.076,222.5,808,8.36,0.002,0.43,148.79,1026.7,1.866,2.07,146.1,2.482
Ce0.1Co4Sb12,Skutterudite,0.154,154.3,69057,2.23,0.487,3.79,78.18,650.1,1.668,4.73,171.7,5.1
Mg2Si,Silicide,0.58,227.9,34305,3.45,0.345,1.04,159.86,1072.6,1.325,3.7,177.3,2.61
SrTiO3,Oxide,0.863,281.3,702,5.21,0.006,0.74,227.94,1339.0,1.646,3.66,167.6,2.441
CoGe1.5S1.5,Skutterudite,0.064,196.0,38790,3.24,0.296,4.27,-21.99,1233.4,1.553,1.35,168.7,3.112
Bi2Te2Se,Bi-chalcogenide,0.223,254.3,59037,1.19,1.955,2.04,91.55,626.7,1.613,7.68,147.8,3.056
Ca2Co2O5,Oxide,1.388,307.0,1075,6.64,0.007,0.47,202.2,1282.9,1.865,4.21,120.7,3.09
InSb,Antimonide,0.227,175.4,69914,3.61,0.329,1.84,80.45,1137.7,1.723,5.15,88.1,3.826
TiCoSb,Half-Heusler,1.004,146.7,171355,3.48,0.638,0.75,120.08,966.9,2.001,5.46,155.7,2.082
In4Sn3O12,Oxide,1.858,368.4,1912,8.8,0.016,0.62,141.16,1199.1,1.655,6.78,145.0,3.43
CdSb,Antimonide,0.164,146.9,30352,6.65,0.064,1.38,151.49,1453.4,1.262,2.5,80.5,1.65
TiNiSn,Half-Heusler,0.821,257.0,274404,6.99,1.808,1.3,143.95,1834.8,1.652,4.82,156.2,2.741
ZnO,Oxide,1.053,411.8,489,10.19,0.005,0.56,94.18,2182.4,1.741,3.67,157.2,1.732
MnSi1.73,Silicide,0.584,165.2,35592,3.3,0.167,0.98,180.43,825.3,1.586,3.74,156.2,1.107
Ba8Ga16Ge30,Clathrate,0.036,191.4,62065,1.48,1.131,1.77,126.71,603.8,1.42,5.7,127.6,3.161
Bi2Te2Se,Bi-chalcogenide,0.155,248.4,63092,1.31,1.82,1.88,103.02,840.2,1.193,4.08,150.5,4.127
TiNiSn,Half-Heusler,0.729,290.7,188051,4.82,2.086,1.25,188.98,1105.0,1.671,3.88,158.6,4.287
Ba8Al16Si30,Clathrate,0.091,202.2,37647,1.12,0.735,2.62,91.52,498.7,1.476,5.79,151.5,3.448
GeTe,Telluride-other,0.316,183.4,79226,1.66,0.932,2.95,150.23,550.5,1.474,3.96,140.5,3.247
Cu2Se,Telluride-other,0.24,194.6,43493,1.65,0.696,3.01,58.96,1213.5,1.355,2.02,132.0,3.337
Pb0.98Na0.02Te,Pb-chalcogenide,0.281,197.2,52523,2.93,0.468,2.74,114.49,1782.2,2.001,3.04,159.6,1.167
ZnSb,Antimonide,0.379,156.2,51938,9.66,0.077,1.15,183.37,2231.6,1.457,2.34,71.0,3.347
PbTe,Pb-chalcogenide,0.488,249.0,58049,2.21,0.978,1.07,213.29,289.4,1.466,5.47,122.5,3.22
TiCoSb,Half-Heusler,0.481,204.8,247755,5.06,1.27,0.78,135.97,1154.3,1.699,5.0,182.4,3.156
CoGe1.5S1.5,Skutterudite,0.059,62.8,78196,2.06,0.078,4.09,-3.92,1289.1,1.619,-0.01,124.6,3.607
Pb0.98Na0.02Te,Pb-chalcogenide,0.351,169.2,104164,2.14,0.813,1.55,189.72,1045.5,1.516,5.61,148.8,2.267
Mo3Si,Silicide,0.221,211.0,27317,7.0,0.097,0.79,124.12,1628.0,1.837,3.55,215.8,5.502
CoSb3,Skutterudite,0.043,266.1,54296,2.95,0.635,3.22,42.84,837.0,1.644,4.69,185.7,3.466
SrTiO3,Oxide,1.154,265.0,1723,10.03,0.007,0.56,146.43,1944.0,1.463,5.13,127.7,5.101
Fe3Si,Silicide,0.617,229.9,34001,3.21,0.329,0.82,161.59,1152.0,1.862,3.37,124.0,3.885
Pb0.98Na0.02Te,Pb-chalcogenide,0.336,203.6,76723,1.41,1.087,1.87,118.68,788.1,1.659,5.96,165.9,1.265
Ca2Co2O5,Oxide,1.863,373.9,1490,3.46,0.032,0.43,179.63,928.7,2.257,6.14,188.1,4.092
Eu8Ga16Ge30,Clathrate,0.017,216.7,32285,1.8,0.499,2.93,37.39,1002.1,1.179,2.21,140.9,3.382
Bi2Se3,Bi-chalcogenide,0.133,164.6,87964,0.93,0.997,3.06,144.79,1356.5,1.64,5.14,165.8,0.996
Cu2Se,Telluride-other,0.113,164.6,81439,2.05,0.664,1.97,60.8,1067.1,1.366,4.81,159.2,2.779
La3Te4,Other,0.091,196.9,29067,7.43,0.095,1.29,130.55,1329.0,1.543,4.81,194.8,4.373
Ce0.1Co4Sb12,Skutterudite,0.119,174.4,57205,0.85,1.354,2.53,134.19,1308.9,1.74,3.8,158.9,4.055
Bi2Te3,Bi-chalcogenide,0.226,175.9,70014,1.71,0.695,2.83,172.36,650.6,1.535,5.78,130.9,2.644
GaSb,Antimonide,0.147,164.8,39866,5.89,0.089,2.16,32.62,1441.7,1.541,4.41,94.1,1.671
PbS,Pb-chalcogenide,0.236,214.6,70610,1.39,1.542,1.68,102.11,906.0,1.743,3.46,130.6,2.352
FeSb2,Skutterudite,0.056,240.8,92804,1.48,1.775,4.65,48.55,1459.9,1.715,6.69,120.1,2.805
ZnSb,Antimonide,0.366,192.4,37108,6.48,0.138,1.53,103.04,849.2,1.631,4.69,91.1,2.07
ZnO,Oxide,1.288,140.3,874,6.78,0.001,0.49,113.06,1595.3,1.693,2.47,119.6,1.922
SrTiO3,Oxide,0.79,230.3,1268,11.56,0.003,0.57,171.09,1675.2,1.851,7.0,88.0,4.213
Zn4Sb3,Antimonide,0.061,148.8,38247,7.48,0.071,1.95,58.97,1293.0,1.572,2.44,169.8,3.332
CdSb,Antimonide,0.264,148.0,69417,7.4,0.146,0.97,78.16,1348.3,1.919,1.74,195.6,2.229
Mo3Si,Silicide,0.577,119.1,24002,5.29,0.038,1.08,95.03,1896.9,1.417,3.16,142.2,2.234
PbTe,Pb-chalcogenide,0.42,162.7,86640,2.17,0.611,0.82,186.34,983.9,1.284,6.29,94.1,3.369
Bi2Se3,Bi-chalcogenide,0.138,249.9,87393,1.18,2.154,2.0,12.97,475.4,1.726,5.84,174.1,1.265
CoGe1.5S1.5,Skutterudite,0.132,100.7,63074,3.1,0.14,3.32,94.9,733.5,1.598,3.9,110.0,2.147
Ba8Ga16Ge30,Clathrate,0.015,241.4,55844,2.32,0.851,2.07,77.29,1132.4,1.569,3.76,175.4,2.058
In2Se3,Other,0.747,265.4,25204,1.5,0.682,0.58,55.68,436.6,1.813,5.52,147.0,3.815
ZnO,Oxide,1.765,206.0,760,5.94,0.004,0.72,147.1,1621.5,1.718,6.71,168.2,1.435
SrTiO3,Oxide,0.94,249.7,855,5.19,0.005,0.23,172.76,1665.6,1.661,5.21,125.3,2.644
Ba8Ga16Ge30,Clathrate,0.051,226.6,45984,1.92,0.684,1.95,115.67,1020.2,1.354,3.5,143.7,3.399
CdSb,Antimonide,0.234,190.4,62513,3.4,0.4,1.71,154.51,1272.2,1.701,2.58,135.5,0.934
Ca2Co2O5,Oxide,1.265,261.9,585,10.79,0.002,0.51,207.67,2485.3,1.567,5.15,204.5,0.541
SnTe,Telluride-other,0.137,244.9,93189,2.26,1.03,1.89,124.58,1000.3,1.515,5.75,113.5,2.447
TiCoSb,Half-Heusler,0.863,243.0,184604,3.39,2.033,1.21,175.44,946.6,1.556,2.44,154.8,2.425
Cu2Se,Telluride-other,0.277,253.5,63730,2.09,1.17,1.74,140.22,1118.7,1.596,4.1,182.4,4.442
ZnO:Al,Oxide,2.808,283.0,889,8.88,0.006,0.25,227.17,1918.9,2.351,4.13,150.2,3.439
Mo3Si,Silicide,0.741,182.8,25150,3.42,0.2,1.11,107.84,821.8,1.782,5.35,130.7,4.536
InSb,Antimonide,0.284,134.4,77428,4.83,0.169,1.02,48.43,1309.3,1.607,3.76,135.4,4.345
TiCoSb,Half-Heusler,0.668,271.6,231114,4.58,2.366,1.18,141.18,942.5,1.481,3.39,134.5,3.261
PbS,Pb-chalcogenide,0.181,158.5,55301,1.42,0.61,1.72,130.31,953.2,1.437,6.2,148.4,0.65
Pb0.98Na0.02Te,Pb-chalcogenide,0.199,262.1,72153,2.49,1.225,1.17,95.2,345.0,1.514,3.63,120.5,2.791
Ce0.1Co4Sb12,Skutterudite,0.137,212.3,50502,2.11,0.634,3.87,63.31,741.0,1.632,1.1,152.7,4.111
Mg2Si,Silicide,0.01,249.7,39404,4.94,0.316,0.94,78.88,1479.9,1.403,3.63,131.4,3.439
SrTiO3,Oxide,1.117,376.9,1556,6.35,0.025,0.57,58.56,1470.3,1.629,2.58,150.1,4.244
Bi0.5Sb1.5Te3,Bi-chalcogenide,0.088,181.3,116661,0.99,2.046,2.79,105.63,534.0,1.796,5.19,123.5,3.337
Cr3Si,Silicide,0.537,141.6,17157,5.41,0.051,0.81,133.17,1825.2,1.229,5.01,180.0,2.871
Ca2Co2O5,Oxide,1.394,304.2,1176,10.91,0.006,0.56,211.43,2181.3,1.692,3.89,161.7,3.694
SnTe,Telluride-other,0.572,269.5,93336,1.59,2.677,1.75,96.1,1173.1,1.771,2.92,171.7,2.17
SrTiO3,Oxide,1.314,265.7,874,5.7,0.005,0.4,139.95,1467.5,1.649,5.0,145.7,3.26
HfNiSn,Half-Heusler,0.96,216.6,164141,6.64,0.695,1.29,105.05,1290.9,1.789,-0.4,166.5,4.36
Pb0.98Na0.02Te,Pb-chalcogenide,0.25,281.3,79877,1.27,2.579,1.65,93.89,1089.7,1.294,3.45,116.4,3.9
TiNiSn,Half-Heusler,0.815,118.8,185017,5.26,0.325,1.22,124.76,730.3,1.858,3.27,190.6,1.637
ZnO,Oxide,1.208,305.4,1529,8.14,0.012,0.9,124.66,1996.1,1.635,4.71,157.4,2.302
PbSe,Pb-chalcogenide,0.395,245.5,75716,2.87,1.134,1.47,134.98,1052.4,1.573,5.12,171.0,3.058
Fe3Si,Silicide,0.563,204.1,41004,5.83,0.171,0.84,133.62,1217.3,1.879,4.34,223.4,3.492
ZrCoSb,Half-Heusler,0.564,261.0,169890,3.96,1.734,0.92,131.41,1040.9,1.99,3.31,176.5,2.719
TiNiSn,Half-Heusler,0.928,302.6,190423,5.74,1.946,0.77,156.67,1210.2,1.588,3.26,143.8,5.16
CoSb3,Skutterudite,0.031,196.1,57643,1.34,0.725,4.31,96.46,1075.1,1.554,5.47,130.7,2.951
SrTiO3,Oxide,1.818,304.6,470,0.61,0.04,0.37,87.35,1290.4,2.222,5.93,139.1,2.445
Zn4Sb3,Antimonide,0.232,154.5,91161,7.02,0.171,2.81,132.96,2293.2,1.663,3.88,139.3,2.384
Ba8Al16Si30,Clathrate,0.034,224.9,33328,0.48,2.278,2.43,79.35,657.0,1.89,4.46,131.6,3.365
Ca2Co2O5,Oxide,0.805,300.3,1611,6.96,0.012,0.45,115.75,1201.9,1.867,4.76,129.7,3.302
SnTe,Telluride-other,0.214,179.3,21593,2.41,0.193,2.6,108.76,739.6,1.8,3.13,165.9,3.499
Bi2Se3,Bi-chalcogenide,0.096,240.1,36924,0.7,1.772,2.29,117.28,1256.0,1.737,0.96,168.7,2.964
Tl2SnTe5,Other,0.739,179.4,15531,6.57,0.052,1.3,134.07,1510.5,1.503,2.94,195.9,2.778
Bi2Te2Se,Bi-chalcogenide,0.262,196.1,57287,0.69,2.672,3.35,143.51,965.1,1.931,3.18,122.3,3.142
Cu2Te,Telluride-other,0.317,309.2,45071,2.53,1.291,1.09,10.26,752.6,1.687,2.15,158.7,3.195
InSb,Antimonide,0.206,198.6,29905,4.47,0.182,1.86,152.92,1891.3,1.678,4.71,145.6,2.633
AgPbmSbTe2+m,Other,0.487,148.3,7537,0.37,0.319,0.77,195.41,660.8,1.143,2.58,165.5,4.238
Zn4Sb3,Antimonide,0.263,198.6,50761,3.41,0.333,1.36,116.75,1440.4,1.407,5.43,150.5,2.009
Bi2Te2Se,Bi-chalcogenide,0.167,254.5,89418,1.37,2.26,2.29,97.86,577.8,1.854,3.43,108.2,3.808
TiNiSn,Half-Heusler,0.906,201.2,237570,6.74,0.754,1.18,195.39,1642.9,1.546,4.16,170.5,2.49
Bi2Te3,Bi-chalcogenide,0.186,219.1,52620,1.22,1.279,2.84,122.87,963.8,1.33,5.05,179.5,3.28
IrSb3,Skutterudite,0.122,226.2,41692,2.35,0.679,3.08,166.74,741.8,1.417,4.37,162.7,4.469
Zn4Sb3,Antimonide,0.121,155.9,39413,7.8,0.066,1.52,119.03,1645.8,1.936,5.67,164.0,4.123
ZnO:Al,Oxide,0.752,344.1,1001,5.05,0.015,0.7,97.65,783.2,1.678,4.48,140.1,3.254
Mo3Si,Silicide,0.498,79.3,23417,3.49,0.021,0.99,108.39,463.8,2.132,5.03,90.7,0.756
Cu2ZnSnS4,Other,0.01,80.2,23080,8.06,0.009,0.82,154.89,1536.5,1.299,1.57,127.2,2.754
GeTe,Telluride-other,0.249,260.9,64311,1.72,1.737,2.47,175.27,993.3,1.814,3.21,157.2,1.879
PbS,Pb-chalcogenide,0.251,331.4,79984,1.77,2.686,1.36,170.07,1511.8,1.9,3.12,137.9,4.185
ZrCoSb,Half-Heusler,0.815,227.1,193625,7.69,0.7,0.76,140.41,1132.0,1.395,5.29,150.4,1.049
Ca2Co2O5,Oxide,1.469,381.2,959,8.43,0.013,0.54,171.81,1539.7,1.981,5.37,158.9,4.122
SnTe,Telluride-other,0.182,214.2,68870,1.65,1.161,2.92,56.53,508.6,1.657,4.18,202.2,5.473
GeTe,Telluride-other,0.309,159.2,49663,2.43,0.309,2.06,141.89,1094.4,1.551,2.54,124.1,3.911
Bi0.5Sb1.5Te3,Bi-chalcogenide,0.21,155.9,106722,1.1,1.367,2.4,111.89,886.3,1.794,4.79,176.6,1.765
FeSb2,Skutterudite,0.121,161.0,30526,3.28,0.154,3.66,118.87,979.1,1.513,3.86,153.5,2.938
Sr8Ga16Ge30,Clathrate,0.04,170.6,61547,1.04,0.929,2.68,82.42,1020.4,1.551,3.79,186.8,0.929
ZnO,Oxide,2.018,304.1,971,10.96,0.005,0.45,97.94,1989.5,2.149,3.8,124.2,4.11
SrTiO3,Oxide,1.42,390.7,1118,8.0,0.015,0.47,146.82,1733.8,1.993,3.92,168.6,3.617
Tl2SnTe5,Other,0.974,237.6,13924,5.39,0.083,1.44,86.72,747.2,1.828,5.86,102.2,2.173
CdSb,Antimonide,0.416,201.9,58139,8.53,0.117,2.16,145.27,1963.8,1.879,4.89,196.0,2.878
PbTe0.7Se0.3,Pb-chalcogenide,0.359,215.1,44247,2.25,0.495,1.93,154.01,346.8,1.182,4.9,148.6,3.268
ZnO,Oxide,2.288,302.2,1622,3.08,0.032,0.69,180.48,1389.8,2.289,2.68,148.2,2.031
GeTe,Telluride-other,0.061,281.2,85192,1.19,3.0,1.86,87.65,866.6,1.813,1.25,130.9,2.476
Zn4Sb3,Antimonide,0.387,168.9,54830,5.12,0.194,2.15,165.18,1383.1,1.989,4.25,123.8,4.791
Ag2Te,Telluride-other,0.282,176.8,51653,1.91,0.628,2.59,100.25,740.9,1.656,3.36,175.9,3.279
Ce0.1Co4Sb12,Skutterudite,0.01,189.4,23362,2.88,0.149,3.96,86.98,1013.0,1.42,4.84,120.5,2.321
SnTe,Telluride-other,0.175,204.9,58650,2.22,0.806,1.83,97.45,1227.0,1.267,3.75,134.3,1.601
MnSi1.73,Silicide,0.689,188.7,10874,4.54,0.053,0.55,145.87,1648.3,1.705,3.01,185.8,3.398
CoGe1.5S1.5,Skutterudite,0.184,143.2,18353,3.64,0.069,3.82,114.79,1091.5,1.523,3.63,137.0,1.422
ZnO:Al,Oxide,2.286,442.6,1304,5.83,0.017,0.35,171.32,1271.6,1.968,5.77,146.0,2.564
Cu2Te,Telluride-other,0.298,262.6,48431,2.34,0.979,2.14,94.65,1048.2,1.265,6.0,177.3,3.724
Cu2ZnSnS4,Other,0.01,64.4,22279,1.55,0.037,1.07,158.84,1423.1,1.255,3.98,137.8,3.178
IrSb3,Skutterudite,0.099,164.6,87221,3.67,0.514,3.47,79.56,1383.8,1.441,0.52,136.8,4.829
HfNiSn,Half-Heusler,1.184,316.4,291265,5.48,3.0,1.11,201.76,1837.8,1.786,2.85,119.1,3.67
FeSb2,Skutterudite,0.089,118.2,82856,2.67,0.225,3.94,49.22,994.0,1.636,4.56,132.7,1.02
Mo3Si,Silicide,0.606,196.2,37142,4.98,0.153,1.18,87.5,1278.9,1.834,0.94,81.3,3.341
ZrNiSn,Half-Heusler,0.93,261.9,211963,4.61,2.011,1.3,159.98,1155.3,1.718,3.31,141.0,3.322
Bi2Se3,Bi-chalcogenide,0.156,134.8,77377,0.84,1.052,2.41,138.58,1226.2,1.47,3.61,116.1,2.637
CoGe1.5S1.5,Skutterudite,0.01,86.2,62865,2.17,0.117,4.07,163.19,803.3,1.449,3.82,169.8,4.587
Pb0.98Na0.02Te,Pb-chalcogenide,0.258,259.0,71775,1.4,1.758,1.15,194.54,328.8,1.457,4.95,163.9,2.159
TiNiSn,Half-Heusler,0.749,252.7,171871,4.59,1.801,1.41,125.15,1485.0,1.626,0.63,183.8,3.137
Mg2Si,Silicide,0.788,173.8,32595,7.88,0.072,0.77,180.37,1419.2,1.882,5.5,186.7,3.65
PbSe,Pb-chalcogenide,0.444,198.1,61702,1.06,1.357,2.09,141.04,1243.5,1.496,1.55,130.4,3.192
Cu2Se,Telluride-other,0.172,219.8,32452,2.18,0.398,2.57,79.99,1527.0,1.61,5.0,142.8,0.781
Pb0.98Na0.02Te,Pb-chalcogenide,0.164,158.3,91702,2.23,0.763,1.76,74.36,1394.8,1.638,2.47,148.4,4.821
Cu2Te,Telluride-other,0.233,271.6,37667,2.07,0.952,1.93,81.86,859.3,1.603,2.31,188.3,2.967
ZnO,Oxide,2.782,312.6,941,7.1,0.007,0.44,207.09,1091.0,2.075,2.27,139.5,6.153
SrTiO3,Oxide,2.483,357.2,562,7.87,0.005,0.52,140.36,1864.1,1.906,0.9,197.6,4.352
HfNiSn,Half-Heusler,0.61,380.1,217358,5.99,2.739,0.88,178.32,2180.0,1.681,4.65,149.9,2.827
Cr3Si,Silicide,0.695,168.4,23816,3.72,0.144,0.46,192.48,1071.9,1.6,7.01,156.7,1.598
PbTe0.7Se0.3,Pb-chalcogenide,0.25,228.4,65026,1.87,1.163,1.71,103.91,1393.3,1.862,3.4,143.2,2.475
PbTe,Pb-chalcogenide,0.272,257.5,25929,2.58,0.383,1.86,21.48,1569.0,1.494,5.03,169.6,3.153
SrTiO3,Oxide,0.654,244.8,1356,5.51,0.008,0.26,58.48,1455.9,1.667,3.41,154.2,1.266
HfNiSn,Half-Heusler,1.023,288.2,167102,3.4,2.658,1.31,122.64,1349.4,1.614,6.27,153.7,3.967
Ag2Te,Telluride-other,0.261,226.4,94368,1.12,2.497,1.88,79.27,923.1,1.593,6.54,163.4,3.838
Ca2Co2O5,Oxide,1.338,322.8,1660,7.88,0.017,0.24,219.21,1507.9,1.703,2.84,143.7,2.824
PbTe,Pb-chalcogenide,0.382,188.0,111344,1.99,1.033,1.78,91.5,900.5,1.873,4.91,172.5,2.81
GeTe,Telluride-other,0.161,168.6,68978,1.47,0.665,2.63,113.48,671.3,1.232,3.68,144.0,1.97
HfNiSn,Half-Heusler,0.666,277.7,164758,4.56,2.066,1.25,156.78,1404.3,1.779,3.22,166.7,4.644
FeSb2,Skutterudite,0.036,182.3,38019,3.34,0.213,2.31,126.72,1099.2,1.153,2.37,103.8,2.029
PbTe0.7Se0.3,Pb-chalcogenide,0.156,232.3,91762,1.3,2.828,2.3,79.91,486.8,1.364,5.82,128.1,3.18
Ba8Al16Si30,Clathrate,0.014,151.9,44527,1.87,0.376,2.29,79.78,857.9,1.761,3.7,191.6,2.868
SrTiO3,Oxide,1.172,304.8,1380,7.42,0.008,0.31,114.35,1725.6,1.396,2.65,161.3,2.657
Sr8Ga16Ge30,Clathrate,0.017,222.1,50252,0.66,2.057,1.82,125.29,820.2,1.457,2.38,146.0,2.52
ZnO:Al,Oxide,1.99,298.7,1315,9.0,0.008,0.59,224.66,2254.4,1.908,7.34,113.0,1.181
ZnSb,Antimonide,0.183,191.6,64684,11.01,0.125,1.5,126.4,1857.2,1.562,5.32,184.9,1.728
ZnO,Oxide,2.75,345.3,221,9.07,0.002,0.21,176.95,1487.2,2.171,1.98,164.0,2.626
SrTiO3,Oxide,1.564,366.0,415,12.05,0.003,0.67,168.65,2581.8,1.967,5.18,160.3,2.689
CoGe1.5S1.5,Skutterudite,0.116,120.5,86807,2.95,0.253,5.07,122.73,1058.8,1.388,4.73,81.6,2.888
Bi2Te2Se,Bi-chalcogenide,0.126,257.7,74229,1.15,2.989,3.08,89.49,1271.1,1.41,5.47,183.9,3.039
PbTe0.7Se0.3,Pb-chalcogenide,0.32,177.9,71895,2.0,0.834,1.78,166.96,874.8,1.687,1.38,142.6,4.189
Bi2Te3,Bi-chalcogenide,0.163,169.4,90361,1.64,0.843,3.16,101.33,1186.0,1.487,4.32,147.3,3.177
PbSe,Pb-chalcogenide,0.327,196.7,47675,1.92,0.557,2.0,45.78,778.2,1.38,4.19,131.7,4.588
Cu2Se,Telluride-other,0.222,196.1,31215,2.12,0.333,1.99,138.82,1751.4,1.477,2.75,170.4,2.939
Ba8Ga16Ge30,Clathrate,0.041,216.8,32693,1.36,0.554,2.42,89.83,683.2,1.287,7.51,102.4,3.873
Mo3Si,Silicide,0.708,253.6,18771,1.75,0.476,0.82,162.72,1583.8,1.462,4.2,175.0,3.597
Cu2ZnSnS4,Other,0.89,96.1,16743,3.16,0.032,1.36,132.52,1234.2,1.706,3.35,132.6,1.763
GaSb,Antimonide,0.142,249.9,55792,7.52,0.301,1.45,162.72,1633.7,1.498,3.1,149.4,3.666
Bi0.5Sb1.5Te3,Bi-chalcogenide,0.146,240.4,46315,1.3,1.215,2.54,146.35,690.9,1.091,5.74,178.7,1.827
ZnO:Al,Oxide,2.365,157.5,996,8.0,0.002,0.32,194.32,2005.0,1.822,4.42,121.1,1.778
Ca2Co2O5,Oxide,1.55,317.4,1297,11.44,0.008,0.83,175.94,2078.3,1.727,3.64,118.8,3.011
Cu2ZnSnS4,Other,0.617,167.3,1624,2.07,0.016,1.35,106.13,1183.6,1.708,2.88,209.8,2.871
GeTe,Telluride-other,0.105,189.9,39542,1.78,0.469,2.29,69.59,858.9,1.492,4.42,154.0,2.505
PbS,Pb-chalcogenide,0.343,256.4,82739,2.7,1.274,1.08,121.46,964.5,1.564,3.36,105.4,0.706
ZrCoSb,Half-Heusler,1.061,282.5,196052,1.53,3.0,0.77,101.45,92.7,1.791,4.93,88.1,4.407
Ca2Co2O5,Oxide,1.535,169.5,993,8.48,0.002,0.42,116.99,1795.6,2.074,5.17,170.1,3.601
