T_proceso,P_N2,bias_voltaje,flujo_Ti_Al,dureza_HV,adhesion_N,CoF,tasa_dep_nm_min
393.6,1.07,-185,0.753,2225,44.3,0.385,12.5
537.7,0.401,-65,0.918,2421,54.0,0.354,13.7
483.0,0.494,-124,0.766,2802,56.5,0.347,13.6
449.7,1.378,-76,0.633,2299,42.5,0.43,13.3
339.0,1.028,-152,0.681,2596,43.4,0.415,13.4
339.0,0.311,-66,1.191,2360,49.6,0.355,15.1
314.5,0.422,-142,0.81,2487,50.5,0.36,14.1
516.5,1.096,-198,1.046,2105,47.0,0.397,13.5
450.3,0.306,-64,1.255,2441,45.0,0.348,15.7
477.0,0.493,-186,1.536,2321,46.5,0.33,17.1
305.1,0.958,-152,0.559,2213,39.4,0.385,12.9
542.5,1.13,-57,1.699,2115,42.7,0.372,14.7
508.1,1.082,-57,1.442,2247,43.5,0.397,15.1
353.1,0.569,-114,0.623,2533,42.8,0.365,15.4
345.5,1.155,-105,1.81,2126,41.1,0.374,16.4
345.9,0.585,-133,1.881,2117,43.2,0.387,18.5
376.1,0.69,-156,0.592,2545,51.6,0.33,14.4
431.2,1.196,-151,0.915,2554,42.6,0.347,13.3
408.0,1.08,-99,1.709,2277,47.2,0.374,16.8
372.8,1.319,-87,1.622,2139,40.9,0.407,17.6
453.0,1.089,-81,0.777,2474,46.6,0.407,13.1
334.9,0.982,-82,0.814,2634,47.4,0.371,13.9
373.0,0.412,-186,1.056,2368,42.5,0.366,14.0
391.6,0.741,-126,1.227,2657,48.3,0.353,14.2
414.0,0.618,-191,1.427,2284,47.6,0.348,14.8
496.3,0.593,-118,1.053,2723,50.9,0.374,13.0
349.9,1.468,-134,1.194,2172,42.5,0.411,15.1
428.6,0.772,-67,1.621,2350,54.3,0.325,15.5
448.1,1.37,-147,0.555,2206,41.6,0.415,12.8
311.6,1.057,-182,0.879,2354,42.9,0.423,13.0
451.9,1.254,-179,1.57,2299,42.4,0.371,15.9
342.6,0.903,-86,1.843,2274,40.2,0.381,17.8
316.3,0.992,-107,1.268,2602,42.3,0.396,13.9
537.2,0.891,-185,1.298,2189,53.8,0.396,14.6
541.4,0.534,-187,0.661,2329,54.7,0.365,13.4
502.1,1.167,-95,1.171,2572,45.4,0.374,13.3
376.2,0.637,-189,1.299,2379,43.8,0.355,16.5
324.4,0.329,-77,0.864,2436,46.1,0.375,14.7
471.1,1.075,-94,0.904,2630,45.5,0.385,13.1
410.0,0.513,-188,1.066,2400,49.8,0.338,14.2
330.5,1.429,-187,0.53,1768,41.7,0.422,13.5
423.8,1.445,-52,0.983,2043,37.7,0.335,14.3
308.6,1.398,-144,0.817,2304,47.0,0.433,14.6
527.3,0.744,-144,0.991,2598,56.3,0.341,12.8
364.7,0.319,-78,0.68,2342,42.6,0.332,13.7
465.6,1.414,-58,1.836,1753,39.4,0.371,15.4
377.9,0.814,-52,1.39,2313,46.7,0.338,15.6
430.0,1.46,-87,1.519,2347,43.0,0.413,15.0
436.7,1.456,-144,1.684,1924,43.6,0.38,15.5
346.2,1.324,-187,1.248,2244,50.2,0.404,16.1
542.4,0.653,-83,0.63,2509,48.7,0.378,13.4
493.8,0.762,-116,1.306,2554,45.9,0.374,15.2
534.9,1.321,-136,1.38,2345,41.5,0.409,13.8
523.7,0.68,-64,1.618,2236,45.1,0.348,15.4
449.5,0.503,-183,1.147,2329,48.1,0.366,15.3
530.5,0.968,-126,0.691,2458,55.2,0.378,12.8
322.1,1.423,-198,0.926,1829,40.2,0.38,16.1
349.0,1.135,-130,1.045,2778,45.6,0.373,14.9
311.3,0.984,-192,1.469,2237,44.1,0.423,16.1
381.3,0.417,-182,1.356,2487,50.2,0.36,15.1
397.2,1.038,-182,1.034,2475,55.5,0.365,14.4
367.8,1.488,-103,1.98,1669,35.0,0.388,17.3
507.2,0.468,-88,1.409,2516,46.4,0.348,15.6
389.2,0.922,-112,0.856,2749,50.3,0.405,14.7
370.2,1.353,-56,0.653,1926,44.8,0.399,12.9
435.7,1.189,-144,0.729,2555,52.4,0.384,12.2
335.2,1.136,-157,0.869,2465,46.7,0.408,12.6
500.5,1.143,-70,0.741,2307,45.9,0.392,13.5
318.6,0.731,-166,0.78,2534,47.8,0.369,13.0
546.7,0.652,-56,0.928,2374,53.8,0.38,11.7
493.1,1.271,-198,0.76,1934,49.6,0.394,13.2
349.7,1.272,-55,1.845,1856,41.6,0.392,19.2
301.4,1.34,-194,0.62,1764,45.5,0.43,13.5
503.9,1.396,-66,1.287,2258,49.0,0.403,15.4
476.7,0.914,-121,1.116,2794,53.3,0.382,14.3
482.3,0.902,-51,1.974,1742,45.9,0.371,16.8
492.8,1.258,-189,0.668,2052,45.9,0.395,13.4
318.5,1.08,-117,1.097,2529,45.0,0.35,14.7
389.6,1.142,-55,1.954,1817,44.9,0.397,17.5
329.0,1.255,-122,1.798,2144,37.4,0.401,17.3
515.8,1.368,-106,1.726,2091,44.7,0.422,15.4
455.8,0.706,-96,0.887,2792,46.9,0.296,14.5
382.7,0.751,-132,0.756,2627,46.8,0.397,13.5
315.9,0.413,-106,1.503,2401,48.1,0.355,15.6
377.7,0.994,-112,1.894,2099,42.8,0.39,17.5
381.3,0.343,-65,1.335,2466,45.3,0.317,14.8
482.4,0.859,-193,1.357,2156,43.8,0.383,14.8
459.4,0.951,-158,0.92,2745,50.8,0.346,13.6
521.8,0.644,-57,1.654,2009,49.6,0.359,16.6
418.1,1.009,-66,0.781,2567,54.0,0.407,14.0
329.9,0.337,-132,0.986,2655,43.9,0.344,14.5
478.3,0.345,-107,1.138,2677,48.5,0.344,15.0
490.2,1.287,-158,1.261,2363,47.1,0.408,15.6
440.3,0.732,-172,0.864,2566,53.8,0.365,14.0
492.7,0.452,-130,0.672,2561,47.9,0.351,12.8
423.4,0.927,-147,1.416,2719,47.7,0.369,14.3
430.7,1.224,-112,0.933,2617,47.8,0.425,13.1
406.9,0.559,-188,1.372,2369,47.6,0.347,15.0
306.4,1.047,-54,0.732,2114,42.3,0.402,13.6
327.0,0.402,-52,1.222,2273,45.3,0.378,15.3
307.9,0.362,-95,1.299,2567,47.8,0.381,15.7
459.1,0.938,-120,0.578,2399,43.6,0.389,13.1
378.6,0.949,-154,1.005,2548,47.1,0.38,14.3
427.1,1.065,-78,0.702,2512,43.7,0.347,13.7
526.9,1.171,-97,0.595,2351,51.4,0.43,12.5
362.3,1.471,-176,1.985,1538,31.9,0.375,15.7
402.6,0.92,-63,0.984,2500,44.8,0.371,13.6
488.9,0.688,-77,1.715,2346,47.7,0.346,15.9
357.2,1.254,-58,0.882,2179,49.1,0.388,13.3
319.2,0.625,-91,1.522,2435,44.0,0.374,16.8
372.4,0.827,-108,1.64,2541,42.6,0.367,17.6
340.3,0.394,-137,1.393,2526,51.3,0.356,16.7
532.4,0.33,-60,1.207,2373,43.3,0.393,14.2
502.0,1.455,-70,1.118,2081,36.8,0.413,15.4
458.4,1.303,-193,1.023,2210,47.5,0.384,14.0
517.9,1.135,-196,1.894,1658,42.8,0.416,15.9
500.9,0.791,-144,1.746,2379,43.1,0.392,15.5
346.6,0.508,-78,1.948,2091,43.8,0.328,17.2
523.1,0.488,-52,0.686,2334,49.5,0.377,12.5
434.8,0.6,-177,1.596,2410,44.5,0.363,15.9
501.9,0.959,-111,1.908,2033,40.2,0.37,16.6
524.0,1.158,-143,0.772,2350,51.1,0.423,12.9
379.5,1.092,-55,0.6,2093,46.9,0.374,13.6
327.5,0.636,-74,1.612,2337,43.4,0.369,17.5
357.0,1.446,-74,1.362,2245,47.6,0.394,16.4
406.8,1.185,-130,1.763,2241,39.0,0.375,15.3
504.5,0.965,-138,0.71,2564,43.2,0.356,10.8
515.2,1.034,-159,1.693,2186,44.1,0.358,16.4
301.7,0.804,-192,0.802,2178,45.3,0.42,12.9
427.7,0.597,-70,0.745,2384,48.1,0.331,13.3
404.4,0.727,-78,0.746,2481,46.1,0.334,12.6
355.5,1.209,-50,1.722,1788,42.7,0.346,15.3
330.0,0.317,-51,1.498,2037,38.8,0.339,16.7
384.4,0.439,-117,1.285,2805,51.1,0.313,15.8
535.7,0.355,-85,1.038,2455,48.6,0.394,13.3
380.8,0.349,-58,1.816,2202,46.3,0.36,14.9
429.7,1.327,-73,1.089,2424,45.7,0.37,14.0
475.8,1.144,-163,1.725,2205,46.5,0.425,16.3
390.9,0.869,-132,1.159,2693,48.9,0.38,13.6
542.9,0.417,-181,1.065,2370,51.4,0.363,13.8
540.6,0.89,-57,1.194,2313,51.6,0.343,14.3
362.9,0.868,-109,0.952,2738,51.0,0.411,14.8
424.3,0.508,-166,1.621,2597,46.5,0.315,16.0
375.2,0.821,-99,1.254,2711,48.8,0.328,14.4
371.2,0.778,-107,0.848,2804,46.2,0.379,14.9
309.2,1.039,-146,1.849,2081,46.2,0.441,17.1
452.4,1.062,-183,1.076,2386,45.3,0.402,14.1
425.7,0.354,-99,1.315,2799,52.6,0.344,14.4
312.9,0.75,-122,1.86,2195,41.8,0.387,16.9
369.7,1.051,-84,1.436,2652,39.6,0.391,15.1
527.1,0.904,-122,0.675,2595,49.5,0.398,12.5
359.9,1.328,-72,1.91,1773,36.6,0.397,18.7
336.2,1.09,-117,1.442,2608,46.8,0.386,14.8
422.4,0.496,-116,1.002,2844,45.2,0.339,12.9
546.4,0.385,-69,0.709,2347,47.2,0.354,13.9
360.5,1.071,-139,1.691,2257,36.6,0.37,16.3
468.0,0.332,-180,1.43,2259,45.4,0.306,14.6
490.4,1.003,-196,1.3,2179,39.9,0.379,15.4
359.4,1.428,-87,1.841,1913,33.1,0.375,16.6
482.1,0.991,-107,1.683,2485,48.6,0.35,17.4
391.9,0.766,-94,0.728,2640,49.4,0.359,14.1
458.1,1.072,-168,0.968,2394,49.1,0.402,13.4
458.4,0.85,-180,0.873,2473,45.2,0.382,15.2
433.9,0.955,-198,1.616,2108,45.8,0.338,15.3
322.6,1.43,-147,0.55,2155,40.7,0.386,13.8
508.8,0.763,-112,1.355,2765,44.8,0.388,15.0
380.2,1.453,-141,1.644,2244,45.7,0.372,17.3
346.6,1.386,-134,1.815,2088,42.3,0.391,18.2
310.2,0.535,-64,1.013,2410,44.3,0.38,14.9
447.7,0.383,-148,1.732,2217,45.1,0.317,15.6
469.4,0.421,-123,0.666,2616,48.3,0.343,13.3
304.1,0.322,-82,1.77,2139,34.0,0.333,16.6
428.0,0.413,-141,0.691,2604,46.0,0.324,14.8
356.6,1.12,-107,1.096,2543,42.6,0.386,14.9
461.3,0.385,-71,1.696,2168,41.6,0.308,15.8
343.6,0.683,-58,0.725,2399,44.5,0.374,14.0
472.7,1.314,-178,0.844,2218,52.2,0.389,12.2
396.7,0.328,-61,1.583,2298,46.4,0.347,15.4
534.2,1.277,-126,1.58,2308,43.7,0.409,16.3
334.4,0.638,-161,1.462,2511,47.2,0.391,15.4
385.3,0.442,-131,1.541,2661,50.0,0.342,15.1
328.4,1.136,-53,1.314,2163,46.8,0.384,16.1
531.2,1.055,-126,0.878,2589,49.1,0.395,14.2
519.3,1.353,-151,1.019,2338,44.2,0.414,14.2
364.5,1.182,-105,0.772,2495,46.9,0.381,14.6
465.0,1.264,-164,1.863,1942,44.0,0.385,15.8
504.3,0.638,-189,1.375,2304,52.2,0.352,13.6
438.8,0.513,-181,1.101,2440,50.3,0.332,15.4
432.4,1.201,-181,1.193,2444,49.8,0.351,14.3
360.5,1.268,-177,1.921,1716,38.1,0.424,16.9
323.3,1.489,-179,0.73,1965,45.4,0.387,14.8
524.3,0.795,-104,1.379,2594,49.7,0.363,15.3
525.1,0.746,-173,1.259,2567,57.0,0.363,14.7
458.3,1.232,-148,1.417,2487,43.1,0.398,16.9
384.8,0.709,-65,0.527,2367,51.7,0.35,12.5
387.3,1.417,-129,1.808,1958,40.5,0.413,17.5
481.5,1.33,-100,1.898,2015,39.4,0.376,16.6
524.3,0.815,-174,1.348,2476,47.7,0.386,14.8
521.8,1.201,-171,1.545,2190,45.4,0.382,16.4
495.0,1.205,-194,1.884,1742,45.2,0.435,16.7
